,name,address,sido,gungu
0,강원강릉시내곡점,강원강릉시범일로579번길49-2,강원도,강릉시
1,강원강릉시사천해변점,강원도강릉시사천면진리해변길99,강원도,강릉시
2,강원강릉시솔올점,강원강릉시원대로155,강원도,강릉시
3,강원강릉시입암점,강원강릉시강변로410번길36,강원도,강릉시
4,강원강릉시주문진점,강원강릉시주문진읍주문로11,강원도,강릉시
5,강원강릉시초당점,강원강릉시초당원길19,강원도,강릉시
6,강원강릉시포남1점,강원강릉시가작로287번길7,강원도,강릉시
7,강원강릉시홍제점,강원도강릉시홍제로33,강원도,강릉시
8,강원동해시망상점,강원동해시동해대로6270-31,강원도,동해시
9,강원동해시부곡점,강원동해시발한로96,강원도,동해시
10,강원동해시천곡점,강원동해시한섬로18,강원도,동해시
11,강원동해시효가점,강원동해시동해대로5033,강원도,동해시
12,강원삼척시교동점,강원삼척시정상로10-6,강원도,삼척시
13,강원속초시교동점,강원속초시수복로74,강원도,속초시
14,강원속초시금호점,강원속초시미시령로3473,강원도,속초시
15,강원속초시조양점,강원속초시동해대로3996,강원도,속초시
16,강원양구군동면점,강원도양구군동면금강산로1681,강원도,양구군
17,강원양구군방산점,강원도양구군방산면장거리길18,강원도,양구군
18,강원양구군양구점,강원양구군양구읍중앙길12,강원도,양구군
19,강원양양군양양점,강원양양군양양읍양양로83-1,강원도,양양군
20,강원양양군하조대점,강원양양군현북면조준길6,강원도,양양군
21,강원영월군영월점,강원영월군영월읍은행나무길58,강원도,영월군
22,강원원주시개운단구점,강원원주시서원대로383,강원도,원주시
23,강원원주시단계점,강원원주시원문로146,강원도,원주시
24,강원원주시단관점,강원원주시단관초교길9,강원도,원주시
25,강원원주시명륜점,강원원주시남산로30,강원도,원주시
26,강원원주시무실점,강원원주시섬밭들2길16-2,강원도,원주시
27,강원원주시문막점,강원원주시문막읍건등로40-3,강원도,원주시
28,강원원주시반곡봉산점,강원원주시반곡길47,강원도,원주시
29,강원원주시태장점,강원원주시북원로2704-4,강원도,원주시
30,강원원주시혁신도시점,강원원주시웅비2길8,강원도,원주시
31,강원인제군서화점[B],강원도인제군서화면천도로126번길6,강원도,인제군
32,강원인제군신남점,강원도인제군남면신남로23,강원도,인제군
33,강원인제군인제점,강원도인제군인제읍인제로197-1,강원도,인제군
34,강원인제군현리점,강원인제군기린면내린천로3905-1,강원도,인제군
35,강원정선군정선점,강원정선군정선읍봉양6길28,강원도,정선군
36,강원철원군내대리점,강원철원군갈말읍두루미로414,강원도,철원군
37,강원철원군동송점,강원도철원군동송읍금학로202,강원도,철원군
38,강원철원군신철원점,강원도철원군갈말읍삼부연로17번길3-14,강원도,철원군
39,강원철원군와수리점,강원도철원군서면와수로181번길7-16,강원도,철원군
40,강원철원군자등리점,강원도철원군서면자등로578,강원도,철원군
41,강원철원군지경리점,강원도철원군갈말읍청양로81-1,강원도,철원군
42,강원춘천시강북점,강원춘천시충열로78-3,강원도,춘천시
43,강원춘천시교동후평점,강원도춘천시성심로23-1,강원도,춘천시
44,강원춘천시석사점,강원도춘천시우석로79번길4-1,강원도,춘천시
45,강원춘천시칠전송암점,강원춘천시옛경춘로492,강원도,춘천시
46,강원춘천시퇴계점,강원도춘천시춘주로187번길20-4,강원도,춘천시
47,강원춘천시효자점,강원춘천시서부대성로194,강원도,춘천시
48,강원태백시장성점,강원태백시장성로43-2,강원도,태백시
49,강원태백시태백점,강원태백시황지로238,강원도,태백시
50,강원평창군대관령점,강원평창군대관령면경강로5166,강원도,평창군
51,강원평창군봉평점,강원평창군봉평면태기로68,강원도,평창군
52,강원평창군장평점,강원평창군용평면경강로1663-1,강원도,평창군
53,강원평창군진부점,강원평창군진부면진부중앙로50,강원도,평창군
54,강원홍천군대명비발디점,강원도홍천군서면한치골길48,강원도,홍천군
55,강원홍천군시동점,강원홍천군남면시동리5번지5925부대내,강원도,홍천군
56,강원홍천군홍천점,강원도홍천군홍천읍갈마로4,강원도,홍천군
57,강원화천군다목리점,강원도화천군상서면수피령로1306,강원도,화천군
58,강원화천군사내점,강원화천군사내면사내로31,강원도,화천군
59,강원화천군산양리점,강원도화천군상서면영서로7740-4,강원도,화천군
60,강원화천군화천점,강원도화천군화천읍중앙로5,강원도,화천군
61,강원횡성군횡성점,강원횡성군횡성읍읍하로25번길14,강원도,횡성군
62,경기가평군가평점,경기도가평군가평읍석봉로230,경기도,가평군
63,경기가평군북면점,경기도가평군북면화악산로11번길5,경기도,가평군
64,경기가평군청평점,경기도가평군청평면잠곡로3,경기도,가평군
65,경기가평군현리점,경기도가평군하면현창로38번길2,경기도,가평군
66,경기고양시가좌점,경기고양시일산서구가좌1로38,경기도,고양시
67,경기고양시고양동점,경기도고양시덕양구혜음로56,경기도,고양시
68,경기고양시관산점,경기도고양시덕양구통일로780번길16,경기도,고양시
69,경기고양시능곡점,경기고양시덕양구행당로2,경기도,시흥시
70,경기고양시대화점,경기도고양시일산서구강성로214번길16-4,경기도,고양시
71,경기고양시덕이점,경기도고양시일산서구탄중로101번길60,경기도,고양시
72,경기고양시라페스타점,경기도고양시일산동구무궁화로7-45,경기도,고양시
73,경기고양시문촌점,경기도고양시일산서구킨텍스로340,경기도,고양시
74,경기고양시백마점,경기도고양시일산동구경의로309,경기도,고양시
75,경기고양시백석1점,경기도고양시일산동구백석로72번길22,경기도,고양시
76,경기고양시성사점,경기고양시덕양구마상로169,경기도,고양시
77,경기고양시성석점,경기도고양시일산동구성현로41-6,경기도,고양시
78,경기고양시식사동점,경기도고양시일산동구위시티2로33,경기도,고양시
79,경기고양시신원점,경기도고양시덕양구권율대로831판매시설동지1층103호,경기도,고양시
80,경기고양시일산점,경기고양시일산서구원일로45번길10,경기도,고양시
81,경기고양시주교점,경기도고양시덕양구원당로69번길14,경기도,고양시
82,경기고양시주엽1점,경기도고양시일산서구대산로58,경기도,고양시
83,경기고양시중산점,경기도고양시일산동구탄중로417번길7-3,경기도,고양시
84,경기고양시풍동점,경기도고양시일산동구숲속마을2로106-2,경기도,고양시
85,경기고양시행신2점,경기도고양시덕양구무원로6무원빌딩111호,경기도,고양시
86,경기고양시행신3점,경기도고양시덕양구화신로105상가동103호,경기도,고양시
87,경기고양시화정1점,경기고양시덕양구화중로130번길5-37,경기도,고양시
88,경기고양시화정2점,경기고양시덕양구화정로86,경기도,고양시
89,경기과천시과천1점,경기도과천시별양로85,경기도,과천시
90,경기광명시광명사거리점,경기광명시오리로985번안길7,경기도,광명시
91,경기광명시광명시장점,경기광명시광이로32,경기도,광명시
92,경기광명시광명KTX역점,경기도광명시덕안로77번길5,경기도,광명시
93,경기광명시소하점,경기광명시신촌로5,경기도,광명시
94,경기광명시철산역점,경기광명시광덕산로5푸르지오하늘채아파트종합,경기도,광명시
95,경기광명시철산점,경기광명시도덕공원로68,경기도,광명시
96,경기광명시하안점,경기광명시하안로254,경기도,광명시
97,경기광주시곤지암점,경기도광주시곤지암읍평촌길30-21,경기도,광주시
98,경기광주시광주점,경기광주시통미로60,경기도,광주시
99,경기광주시신현점,경기도광주시오포읍신현로44-10102호,경기도,광주시
100,경기광주시양벌점,경기도광주시오포읍양촌안길40,경기도,광주시
101,경기광주시오포2호점,경기도광주시오포읍오포로347,경기도,광주시
102,경기광주시태전점,경기도광주시태봉로20,경기도,광주시
103,경기구리시교문점,경기구리시안골로20번길6,경기도,구리시
104,경기구리시수택점,경기도구리시원수택로45,경기도,구리시
105,경기구리시인창점,경기도구리시건원대로99번길80,경기도,구리시
106,경기군포시군포점,경기도군포시군포로490번길12,경기도,군포시
107,경기군포시금정점,경기도군포시당산로197번길4,경기도,군포시
108,경기군포시대야미점,경기도군포시대야1로13,경기도,군포시
109,경기군포시산본목련점,경기도군포시고산로643번길9,경기도,군포시
110,경기군포시산본역점[B],경기도군포시쟁골2길16,경기도,군포시
111,경기김포시고촌점,경기도김포시고촌읍은행영사정로35102,경기도,김포시
112,경기김포시김포1호점,경기도김포시관순로28,경기도,김포시
113,경기김포시마송점,경기도김포시통진읍조강로102,경기도,김포시
114,경기김포시양곡점,경기도김포시김포한강9로121,경기도,김포시
115,경기김포시장기점,경기도김포시김포한강3로290-16,경기도,김포시
116,경기김포시풍무점,경기도김포시양도로18,경기도,김포시
117,경기남양주시광릉내점,경기도남양주시진접읍광릉내로82번길27,경기도,남양주시
118,경기남양주시금곡점,경기도남양주시경춘로992번길1,경기도,남양주시
119,경기남양주시덕소2호점,경기도남양주시와부읍수레로59,경기도,남양주시
120,경기남양주시덕소점[B],경기도남양주시와부읍덕소로284번길10-7,경기도,남양주시
121,경기남양주시도농점,경기도남양주시미금로42번길20-1,경기도,남양주시
122,경기남양주시별내2호점,경기남양주시두물로39번길22-14,경기도,남양주시
123,경기남양주시별내점,경기도남양주시별내3로63,경기도,남양주시
124,경기남양주시사능점,경기도남양주시진건읍진건오남로86번길36,경기도,남양주시
125,경기남양주시수동점,경기도남양주시수동면비룡로788,경기도,남양주시
126,경기남양주시오남리점,경기도남양주시오남읍진건오남로595-22,경기도,남양주시
127,경기남양주시월산점,경기도남양주시화도읍경춘로2186,경기도,남양주시
128,경기남양주시진접지구점,경기도남양주시진접읍해밀예당2로125,경기도,남양주시
129,경기남양주시창현점,경기도남양주시화도읍수레로1234-26,경기도,남양주시
130,경기남양주시천마산점,경기남양주시화도읍먹갓로28번길15,경기도,남양주시
131,경기남양주시퇴계원점,경기남양주시퇴계원면퇴계원로78번길3-2,경기도,남양주시
132,경기남양주시평내점,경기도남양주시경춘로1286번안길24,경기도,남양주시
133,경기남양주시호평점,경기남양주시천마산로16번길2,경기도,남양주시
134,경기동두천시생연점,경기도동두천시삼육사로980,경기도,동두천시
135,경기동두천시송내지구점,경기도동두천시동두천로149,경기도,동두천시
136,경기동두천시중앙점,경기도동두천시동광로81번길15,경기도,동두천시
137,경기부천시고강점,경기도부천시오정구역곡로472번길31,경기도,부천시
138,경기부천시범박점,경기도부천시소사구소사동로93,경기도,부천시
139,경기부천시상동북부점,경기도부천시원미구송내대로265번길37,경기도,부천시
140,경기부천시상동점,경기부천시조마루로105번길8-8,경기도,부천시
141,경기부천시소사점,경기도부천시소사구은성로68번길23,경기도,부천시
142,경기부천시송내점,경기도부천시소사구송내대로30번길71,경기도,부천시
143,경기부천시심곡북부점,경기도부천시원미구부흥로450,경기도,부천시
144,경기부천시심곡점,경기도부천시소사구심곡로67번길67,경기도,부천시
145,경기부천시여월점,경기부천시삼작로335,경기도,부천시
146,경기부천시역곡남부점,경기도부천시소사구부광로23,경기도,부천시
147,경기부천시역곡점,경기도부천시원미구역곡로20번길86,경기도,부천시
148,경기부천시오정점,경기도부천시오정구부천로478번길96,경기도,부천시
149,경기부천시원미점,경기도부천시원미구조마루로386번길26,경기도,부천시
150,경기부천시원종점,경기도부천시오정구소사로775번길50,경기도,부천시
151,경기부천시중동1점,경기부천시중동로171번길13-1,경기도,부천시
152,경기부천시중동약대점,경기부천시도약로221번길64,경기도,부천시
153,경기성남시구미점,경기도성남시분당구미금로45,경기도,성남시
154,경기성남시금광점,경기도성남시중원구산성대로382번길58,경기도,성남시
155,경기성남시단대오거리점,경기성남시중원구자혜로8번길20,경기도,성남시
156,경기성남시동판교점[B],경기성남시분당구동판교로52번길17-4,경기도,성남시
157,경기성남시상대원점,경기성남시중원구박석로93번길2-1,경기도,성남시
158,경기성남시서판교점,경기성남시분당구판교로25번길22-6,경기도,성남시
159,경기성남시서현점[B],경기도성남시분당구중앙공원로54234동104호,경기도,성남시
160,경기성남시성남점,경기성남시중원구원터로105번길8,경기도,성남시
161,경기성남시수내점[B],경기성남시분당구발이봉북로24번길1,경기도,성남시
162,경기성남시수진점,경기도성남시수정구산성대로157번길27-2,경기도,성남시
163,경기성남시신흥점,경기도성남시수정구수정남로236-1,경기도,성남시
164,경기성남시야탑점,경기성남시분당구매화로48번길12-6,경기도,성남시
165,경기성남시위례중앙점,경기성남시수정구위례서일로1길21-8,경기도,성남시
166,경기성남시이매점,경기도성남시분당구성남대로779번길52,경기도,성남시
167,경기성남시정자2호점,경기도성남시분당구정자로143,경기도,성남시
168,경기성남시정자점,경기도성남시분당구백현로152,경기도,성남시
169,경기성남시태평점,경기성남시수정구탄리로132번길9,경기도,성남시
170,경기수원시고색오목점,경기도수원시권선구고산로27번길43,경기도,수원시
171,경기수원시곡반정점,경기도수원시권선구곡선로50번길22-10,경기도,수원시
172,경기수원시광교1호점,경기수원시영통구법조로149번길171,경기도,수원시
173,경기수원시구운탑동점,경기도수원시권선구구운로57번길3,경기도,수원시
174,경기수원시권선점[B],경기수원시권선구권중로56번길35,경기도,수원시
175,경기수원시매교세류점,경기도수원시팔달구효원로73,경기도,수원시
176,경기수원시매탄2동점,경기도수원시영통구산남로74,경기도,수원시
177,경기수원시매탄권선점,경기도수원시영통구권선로811,경기도,수원시
178,경기수원시세류2호점,경기도수원시권선구덕영대로1152번길38,경기도,수원시
179,경기수원시신매탄점,경기수원시영통구매탄로140번길54-2,경기도,수원시
180,경기수원시신영통점,경기도수원시영통구태장로7번길6,경기도,수원시
181,경기수원시연무점[B],경기수원시장안구연무로33,경기도,수원시
182,경기수원시영통1호점,경기수원시영통구매영로398번길4,경기도,수원시
183,경기수원시영화점[B],경기수원시장안구장안로30,경기도,수원시
184,경기수원시우만점,경기도수원시팔달구중부대로223번길20-7,경기도,수원시
185,경기수원시율천점,경기도수원시장안구율전로80번길5,경기도,수원시
186,경기수원시인계점,경기수원시팔달구장다리로245번길21,경기도,수원시
187,경기수원시인계중앙점,경기수원시팔달구권광로243,경기도,수원시
188,경기수원시정자1동점,경기도수원시장안구대평로162번길50,경기도,수원시
189,경기수원시정자2동점,경기수원시장안구수성로245번길30,경기도,수원시
190,경기수원시조원점,경기도수원시장안구조원로107,경기도,수원시
191,경기수원시호매실점,경기도수원시권선구매실로34,경기도,수원시
192,경기수원시화서꽃뫼점[B],경기수원시팔달구일월로18번길4-13,경기도,수원시
193,경기수원시화서점,경기수원시팔달구팔달로119번길34-1,경기도,수원시
194,경기시흥시거모점[B],경기도시흥시한우물로25,경기도,시흥시
195,경기시흥시능곡점,경기도시흥시장현능곡로178,경기도,시흥시
196,경기시흥시목감점,경기시흥시논곡길1,경기도,시흥시
197,경기시흥시시화점,경기도시흥시중심상가로39,경기도,시흥시
198,경기시흥시신천점[B],경기시흥시신천로100번안길10,경기도,시흥시
199,경기시흥시연성2지구점,경기시흥시장곡로15,경기도,시흥시
200,경기시흥시오이도역점,경기시흥시함송로24,경기도,시흥시
201,경기시흥시월곶점,경기도시흥시월곶중앙로90,경기도,시흥시
202,경기시흥시은행점,경기도시흥시은행로167번길3,경기도,시흥시
203,경기시흥시정왕점,경기도시흥시정왕천로427번길6-1102호,경기도,시흥시
204,경기안산시본오1호점,경기도안산시상록구반석로80,경기도,안산시
205,경기안산시본오2호점,경기안산시상록구본원로2길3,경기도,안산시
206,경기안산시사동점,경기도안산시상록구감골2로47,경기도,안산시
207,경기안산시선부1동점,경기도안산시단원구선부광장서로1길5바동108호,경기도,안산시
208,경기안산시선부1점,경기도안산시단원구화정천서로3길8-1,경기도,안산시
209,경기안산시신길지구점,경기도안산시단원구도일로24,경기도,안산시
210,경기안산시신도시점,경기도안산시단원구광덕3로215,경기도,안산시
211,경기안산시와동점,경기도안산시단원구선부로244,경기도,안산시
212,경기안산시원곡점,경기안산시단원구원선로55,경기도,안산시
213,경기안산시월피점,경기도안산시상록구예술광장1로48,경기도,안산시
214,경기안산시일동점,경기안산시상록구식물원로4길7,경기도,안산시
215,경기안산시중앙점[B],경기도안산시단원구예술대학로147,경기도,안산시
216,경기안산시초지점,경기도안산시단원구초지로128,경기도,안산시
217,경기안성시공도2점,경기안성시공도읍공도3로34-1,경기도,안성시
218,경기안성시동아방송대점,경기안성시삼죽면동아예대길61-3,경기도,안성시
219,경기안성시안성1점[B],경기안성시안성맞춤대로1104,경기도,안성시
220,경기안성시일죽점,경기안성시일죽면금일로476-1,경기도,안성시
221,경기안성시죽산점,경기안성시죽산면중부길39,경기도,안성시
222,경기안성시중앙대점[B],경기안성시대덕면중앙대학로1461층,경기도,안성시
223,경기안성시홍익점,경기안성시금광면신양복길1,경기도,안성시
224,경기안양시관양비산점,경기안양시동안구평촌대로382,경기도,안양시
225,경기안양시관양지구점,경기안양시동안구관악대로374번길19,경기도,안양시
226,경기안양시박달점,경기안양시만안구양화로148번길15,경기도,안양시
227,경기안양시비산1호점,경기안양시동안구경수대로970-16,경기도,안양시
228,경기안양시석수점,경기안양시만안구석천로167-3,경기도,안양시
229,경기안양시안양1호점,경기안양시만안구냉천로175번길6,경기도,안양시
230,경기안양시안양2호점,경기안양시만안구냉천로22,경기도,안양시
231,경기안양시평촌1호점,경기안양시동안구달안로153,경기도,안양시
232,경기안양시평촌2호점,경기안양시동안구관평로138번길24,경기도,안양시
233,경기안양시호계2호점,경기안양시동안구전파로88,경기도,안양시
234,경기안양시호계갈산점,경기안양시동안구경수대로610번길66,경기도,안양시
235,경기안양시호계오전점,경기안양시동안구포도원로27,경기도,안양시
236,경기양주시고읍지구점,경기도양주시고읍로35번길29-7,경기도,양주시
237,경기양주시광적점,경기도양주시광적면삼일로23,경기도,양주시
238,경기양주시덕계점,경기도양주시평화로1412,경기도,양주시
239,경기양주시덕정점,경기도양주시화합로1402번길24-50,경기도,양주시
240,경기양주시백석점,경기도양주시백석읍양주산성로544,경기도,양주시
241,경기양주시송추점,경기도양주시장흥면호국로569,경기도,양주시
242,경기양주시신산점,경기도양주시남면개나리11길38-4,경기도,양주시
243,경기양주시은현점,경기양주시은현면은현로61,경기도,양주시
244,경기양주시장흥점,경기도양주시장흥면호국로177,경기도,양주시
245,경기양평군양평점,경기도양평군양평읍해오름길2,경기도,양평군
246,경기양평군용두리점,경기도양평군청운면용두로141,경기도,양평군
247,경기양평군용문점,경기도양평군용문면다문북길105,경기도,양평군
248,경기양평군한화리조트점,경기양평군옥천면신촌길188,경기도,양평군
249,경기여주시가남점,경기도여주시가남읍경충대로1162-20,경기도,여주시
250,경기여주시여주점,경기도여주군여주읍여흥로157,경기도,여주시
251,경기여주시오학점,경기여주시학동1길53,경기도,여주시
252,경기연천군군남점,경기연천군군남면군왕로8,경기도,연천군
253,경기연천군대광리점,경기도연천군신서면연신로1155-1,경기도,연천군
254,경기연천군백학점,경기도연천군백학면두백로11-6,경기도,연천군
255,경기연천군연천점,경기도연천군연천읍연천로330,경기도,연천군
256,경기연천군전곡점,경기도연천군전곡읍은전로78번길30,경기도,연천군
257,경기오산시궐동점,경기도오산시궐동로69번길7,경기도,오산시
258,경기오산시세교신도시점,경기도오산시오산대역로132번길30,경기도,오산시
259,경기오산시운암1점,경기도오산시운천로99,경기도,오산시
260,경기오산시원동갈곶점,경기도오산시밀머리로29,경기도,오산시
261,경기용인시강남대점,경기용인시기흥구강남동로114번길22,경기도,용인시
262,경기용인시구성점,경기도용인시기흥구마북로98,경기도,용인시
263,경기용인시동백지구점,경기도용인시기흥구평촌2로1번길9-1,경기도,용인시
264,경기용인시둔전점[B],경기용인시처인구포곡읍포곡로124번길9-1,경기도,용인시
265,경기용인시모현점,경기도용인시처인구모현면백옥대로2594,경기도,용인시
266,경기용인시백암점,경기도용인시처인구백암면백암로201번길13-4,경기도,용인시
267,경기용인시보라점,경기도용인시기흥구한보라2로14번길7-19,경기도,용인시
268,경기용인시상갈점,경기도용인시기흥구금화로108번길28,경기도,용인시
269,경기용인시상현점,경기도용인시수지구만현로100,경기도,용인시
270,경기용인시서천점,경기도용인시기흥구서천서로12번길4-10,경기도,용인시
271,경기용인시수지2지구점,경기도용인시수지구정평로40-3,경기도,용인시
272,경기용인시신갈점,경기도용인시기흥구용구대로2152번길39,경기도,용인시
273,경기용인시신봉점,경기용인시수지구신봉1로48번길11뉴골드프라자,경기도,용인시
274,경기용인시양지점,경기용인시처인구양지면남곡로35,경기도,용인시
275,경기용인시용인1호점,경기도용인시처인구중부대로1343번길10-17,경기도,용인시
276,경기용인시죽전1호점,경기도용인시수지구푸른솔로81,경기도,용인시
277,경기용인시죽전2호점,경기용인시수지구죽전로255,경기도,용인시
278,경기용인시풍덕천점,경기도용인시수지구풍덕천로172번길3-15,경기도,용인시
279,경기용인시흥덕지구점[B],경기용인시기흥구흥덕1로50,경기도,용인시
280,경기의왕시내손동점,경기도의왕시복지로82,경기도,의왕시
281,경기의왕시부곡점,경기도의왕시부곡중앙남6길86,경기도,의왕시
282,경기의정부시가능2점,경기의정부시가능로39번길10,경기도,의정부시
283,경기의정부시가능3점,경기도의정부시호국로1135번길25,경기도,의정부시
284,경기의정부시금오점,경기도의정부시하금로25번길5,경기도,의정부시
285,경기의정부시금오지구점,경기도의정부시청사로5번길8-17,경기도,의정부시
286,경기의정부시녹양점,경기의정부시녹양로62번길72,경기도,의정부시
287,경기의정부시망월사역점,경기도의정부시평화로196,경기도,의정부시
288,경기의정부시민락용현점,경기의정부시용현로120번길3,경기도,의정부시
289,경기의정부시신곡점,경기도의정부시시민로176,경기도,의정부시
290,경기의정부시신시가지점,경기의정부시범골로82번길30,경기도,의정부시
291,경기의정부시의정부1점,경기도의정부시호국로1298번길18,경기도,의정부시
292,경기의정부시장암점,경기도의정부시장곡로322번길14-9,경기도,의정부시
293,경기의정부시호원점,경기도의정부시평화로428번길14,경기도,의정부시
294,경기이천시갈산점,경기도이천시영창로314번길51,경기도,이천시
295,경기이천시관고동점,경기이천시영창로66,경기도,이천시
296,경기이천시아미점,경기이천시부발읍경충대로2039,경기도,이천시
297,경기파주시광탄점,경기도파주시광탄면새뜰길7,경기도,파주시
298,경기파주시금촌2동점,경기도파주시황골로69,경기도,파주시
299,경기파주시문산점,경기도파주시문산읍문향로30,경기도,파주시
300,경기파주시법원점,경기파주시법원읍사임당로791,경기도,파주시
301,경기파주시봉일천점,경기도파주시조리읍송비말길22,경기도,파주시
302,경기파주시선유점,경기파주시문산읍독서울1길22,경기도,파주시
303,경기파주시운정1점,경기파주시와석순환로307,경기도,파주시
304,경기파주시운정3점,경기파주시한빛로9,경기도,파주시
305,경기파주시적성점,경기파주시적성면청송로1020,경기도,파주시
306,경기파주시LCD점,경기파주시월롱면엘씨디로8번길34,경기도,파주시
307,경기평택시비전1호점,경기평택시중앙로213,경기도,평택시
308,경기평택시세교점,경기평택시세교상가5길22,경기도,평택시
309,경기평택시소사벌점,경기평택시비전6길28-5,경기도,평택시
310,경기평택시안중점,경기도평택시안중읍안현로서3길91,경기도,평택시
311,경기평택시용이지구점,경기도평택시현신로212,경기도,평택시
312,경기평택시이충장당점,경기도평택시서정역로36번길70-9,경기도,평택시
313,경기평택시지산점,경기도평택시지산로108-6,경기도,평택시
314,경기평택시청북점,경기도평택시청북면안청로1길12,경기도,평택시
315,경기평택시팽성점[B],경기도평택시팽성읍팽성대교길14,경기도,평택시
316,경기평택시포승점,경기도평택시포승읍여술로43번길18,경기도,평택시
317,경기포천시가산점,경기포천시가산면가산로324,경기도,포천시
318,경기포천시내촌점,경기도포천시내촌면내촌로26,경기도,포천시
319,경기포천시송우점,경기도포천시소흘읍봉솔로3길17,경기도,포천시
320,경기포천시신읍리점,경기도포천시왕방로159,경기도,포천시
321,경기포천시양문점,경기도포천시영중면양문로87-1,경기도,포천시
322,경기포천시운천점,경기포천시영북면운천로16,경기도,포천시
323,경기포천시이동점,경기도포천시이동면장암1길9-1,경기도,포천시
324,경기포천시일동점,경기도포천시일동면화동로1063번길1-2,경기도,포천시
325,경기하남시덕풍점,경기도하남시신평로101번길27,경기도,하남시
326,경기하남시미사1점,경기하남시미사강변한강로220번길27,경기도,하남시
327,경기하남시신장점,경기도하남시하남대로777번길37,경기도,하남시
328,경기화성시남양점,경기도화성시남양시장로60,경기도,화성시
329,경기화성시동탄1호점,경기화성시동탄지성로92,경기도,화성시
330,경기화성시동탄2호점,경기도화성시동탄반석로39,경기도,화성시
331,경기화성시동탄3호점,경기화성시여울로21,경기도,화성시
332,경기화성시동탄역점,경기화성시동탄대로21가길4-31,경기도,화성시
333,경기화성시동탄청계점,경기화성시동탄치동천로3길28-1,경기도,화성시
334,경기화성시병점1호점,경기도화성시경기대로1010번길18,경기도,화성시
335,경기화성시봉담점,경기화성시봉담읍오래2길5102호,경기도,화성시
336,경기화성시안녕점,경기도화성시화산중앙로64번길3,경기도,화성시
337,경기화성시와우리점[B],경기도화성시봉담읍와우로119번길36-5,경기도,화성시
338,경기화성시팔탄점,경기화성시팔탄면구장길7,경기도,화성시
339,경기화성시향남1지구점,경기도화성시향남읍행정서로2길14-18,경기도,화성시
340,경기화성시향남2지구점,경기도화성시향남읍한절이2길14,경기도,화성시
341,경남거제시거제면점,경남거제시거제면읍내로45,경상남도,거제시
342,경남거제시상동점,경남거제시거제중앙로1807,경상남도,거제시
343,경남거제시아주점,경남거제시용소1길94,경상남도,거제시
344,경남거제시옥포점,경남거제시옥포대첩로7길31,경상남도,거제시
345,경남거제시장승포점,경남거제시장승포로16,경상남도,거제시
346,경남거제시장평점,경남거제시장평2로2길10,경상남도,거제시
347,경남거제시중곡점,경남거제시중곡로47,경상남도,거제시
348,경남거제시지세포점,경남거제시일운면거제대로2491103호,경상남도,거제시
349,경남거창군거창1점,경남거창군거창읍아림로47-1,경상남도,거창군
350,경남고성군고성점,경남고성군고성읍성내로27,경상남도,고성군
351,경남김해시동상점,경남김해시호계로510,경상남도,김해시
352,경남김해시삼계점,경남김해시가야로157번길17-18,경상남도,김해시
353,경남김해시삼방점,경남김해시삼안로158,경상남도,김해시
354,경남김해시외동점,경남김해시함박로51,경상남도,김해시
355,경남김해시율하1점,경남김해시율하1로12,경상남도,김해시
356,경남김해시장유1호점,경남김해시능동로7번길15,경상남도,김해시
357,경남김해시진례점,경남김해시진례면송현로57,경상남도,김해시
358,경남김해시진영점,경남김해시진영읍장등로19번길67101호,경상남도,김해시
359,경남김해시팔판점,경남김해시팔판로32,경상남도,김해시
360,경남김해시한림점,경남김해시한림면한림로422번길4-2,경상남도,김해시
361,경남남해군남해점,경남남해군남해읍화전로78번가길23,경상남도,남해군
362,경남남해군상주점,경남남해군상주면남해대로697,경상남도,남해군
363,경남마산시해운점,경남창원시마산합포구월영동11길42,경상남도,창원시
364,경남마산시호계점,경남창원시마산회원구내서읍호원로190,경상남도,창원시
365,경남밀양시내일점,경남밀양시약산로33,경상남도,밀양시
366,경남밀양시삼문점,경남밀양시미리벌중앙로85,경상남도,밀양시
367,경남사천시사천점[B],경남사천시정동면진삼로1324,경상남도,사천시
368,경남사천시삼천포점,경남사천시벌리로17,경상남도,사천시
369,경남산청군덕산점,경남산청군시천면남명로203-3,경상남도,산청군
370,경남양산시남부점,경남양산시양주로42,경상남도,양산시
371,경남양산시덕계1호점,경남양산시평산남4길8,경상남도,양산시
372,경남양산시범어점,경남양산시물금읍화합길26,경상남도,양산시
373,경남양산시북정점,경남양산시북정중앙로14,경상남도,양산시
374,경남양산시서창점,경남양산시삼호동부7길10,경상남도,양산시
375,경남양산시석산점,경남양산시동면금오7길6,경상남도,양산시
376,경남양산시어곡점,경남양산시어실로155,경상남도,양산시
377,경남양산시증산1호점,경남양산시물금읍백호2길17-10,경상남도,양산시
378,경남의령군의령점,경남의령군의령읍의병로20길25-3,경상남도,의령군
379,경남진주시가호점,경남진주시진주대로542번길7,경상남도,진주시
380,경남진주시금산점,경남진주시금산면금산로52번길4,경상남도,진주시
381,경남진주시도동점,경남진주시대신로363,경상남도,진주시
382,경남진주시망경점,경남진주시진주대로953번길10,경상남도,진주시
383,경남진주시문산혁신점,경남진주시문산읍소문길21,경상남도,진주시
384,경남진주시상대점,경남진주시돗골로117번길4,경상남도,진주시
385,경남진주시신안점,경남진주시진양호로311-1,경상남도,진주시
386,경남진주시중앙상봉점,경남진주시진주성로87,경상남도,진주시
387,경남진주시판문점,경남진주시새평거로75상가-104호,경상남도,진주시
388,경남진해시석동점,경남창원시진해구진해대로801번길14,경상남도,창원시
389,경남창녕군남지점,경남창녕군남지읍남지중앙2길69103-1호,경상남도,창녕군
390,경남창녕군창녕점,경남창녕군창녕읍창녕대로37,경상남도,창녕군
391,경남창원시가음점,경남창원시성산구가양로48-1,경상남도,창원시
392,경남창원시감계점,경남창원시의창구북면감계로297휴먼빌아파,경상남도,창원시
393,경남창원시내서삼계점,경남창원시마산회원구내서읍삼계숲길27,경상남도,창원시
394,경남창원시대방점,경남창원시성산구대암로1161층,경상남도,창원시
395,경남창원시도계점,경남창원시의창구원이대로69번길301층,경상남도,창원시
396,경남창원시동읍점,경남창원시의창구동읍의창대로868-1,경상남도,창원시
397,경남창원시명곡점,경남창원시의창구명지로84번길9,경상남도,창원시
398,경남창원시반송1호점,경남창원시의창구용지로153번길10,경상남도,창원시
399,경남창원시반지점,경남창원시성산구반송로22,경상남도,창원시
400,경남창원시봉곡점,경남창원시의창구봉곡로56,경상남도,창원시
401,경남창원시북면온천점,경남창원시의창구북면천주로1165번길21,경상남도,창원시
402,경남창원시사파점,경남창원시성산구동산로194,경상남도,창원시
403,경남창원시상남점,경남창원시성산구토월로80,경상남도,창원시
404,경남창원시석전점,경남창원시마산회원구석전남8길59,경상남도,창원시
405,경남창원시소답점,경남창원시의창구읍성로17번길8,경상남도,창원시
406,경남창원시양덕1호점,경남창원시마산회원구양덕북10길8,경상남도,창원시
407,경남창원시용원점,경남창원시진해구안골로348,경상남도,창원시
408,경남창원시월영점,경남창원시마산합포구월영북로21,경상남도,창원시
409,경남창원시중앙여좌점,경남창원시진해구편백로14번길12-1,경상남도,창원시
410,경남창원시진동점,경남창원시마산합포구진동면삼진의거대로639,경상남도,창원시
411,경남창원시창동점,경남창원시마산합포구남성로130-1,경상남도,창원시
412,경남창원시팔용점,경남창원시의창구남산로1번길52,경상남도,창원시
413,경남창원시풍호점,경남창원시진해구풍호로61,경상남도,창원시
414,경남창원시합성1호점[B],경남창원시마산회원구합성동6길13,경상남도,창원시
415,경남창원시회원점,경남창원시마산회원구북성로166,경상남도,창원시
416,경남창원시NC다이노스점,경남창원시마산회원구삼호로63,경상남도,창원시
417,경남통영시봉평미수점,경남통영시서송정1길32-3,경상남도,통영시
418,경남통영시북신점,경남통영시북신동해미당화목토길화목토0,경상남도,통영시
419,경남통영시죽림점,경남통영시광도면죽림3로43-11,경상남도,창원시
420,경남하동군하동점,경남하동군하동읍중앙로18,경상남도,하동군
421,경남함안군군북점,경남함안군군북면중암7길12,경상남도,함안군
422,경남함안군함안점,경남함안군가야읍함안대로555,경상남도,함안군
423,경남함양군서하점,경남함양군서하면함양남서로3938,경상남도,함양군
424,경남함양군함양점,경남함양군함양읍용평길8,경상남도,함양군
425,경남합천군합천점,경남합천군합천읍충효로98-17,경상남도,합천군
426,경북경산시계양사동점,경북경산시계양로8길38,경상북도,경산시
427,경북경산시서부백천점,경북경산시경산로28부영2차아파트상가103호,경상북도,경산시
428,경북경산시영대점,경북경산시대학로61길6-5,경상북도,경산시
429,경북경산시옥산정평점,경북경산시대학로16길31,경상북도,경산시
430,경북경산시진량점,경북경산시진량읍영청길15,경상북도,경산시
431,경북경산시하양점,경북경산시하양읍하양역길18,경상북도,경산시
432,경북경주시강동점,경북경주시강동면동해대로166-11,경상북도,경주시
433,경북경주시건천점,경북경주시건천읍대곡용명길24,경상북도,경주시
434,경북경주시금장점,경북경주시현곡면안현로68-3,경상북도,경주시
435,경북경주시내남점,경북경주시내남면이조중앙길13-1,경상북도,경주시
436,경북경주시동천점,경북경주시동천로30번길14-2,경상북도,경주시
437,경북경주시성건점,경북경주시금성로396번길5,경상북도,경주시
438,경북경주시안강점,경북경주시안강읍구부랑길42,경상북도,경주시
439,경북경주시외동점,경북경주시외동읍입실로1길58,경상북도,경주시
440,경북경주시충효점,경북경주시충효녹지길36-6,경상북도,경주시
441,경북경주시황성점,경북경주시황성로69번길38-6,경상북도,경주시
442,경북고령군고령점,경북고령군고령읍시장1길11,경상북도,고령군
443,경북구미시공단비산점,경상북도구미시비산로5길28,경상북도,구미시
444,경북구미시봉곡도량점,경북구미시도봉로3길3-3,경상북도,구미시
445,경북구미시산동확장단지점,경북구미시산동면신당인덕1로139,경상북도,구미시
446,경북구미시상모사곡점,경북구미시상사서로12길3,경상북도,구미시
447,경북구미시선산점,경북구미시선산읍남문로3길17,경상북도,구미시
448,경북구미시송정원평점,경북구미시금오산로22길15-14,경상북도,구미시
449,경북구미시신평점,경상북도구미시신비로26,경상북도,구미시
450,경북구미시옥계점,경북구미시산호대로25길26-3,경상북도,구미시
451,경북구미시원호도량1동점,경북구미시고아읍문장로22길20103호,경상북도,구미시
452,경북구미시인동점,경북구미시인동39길22-65,경상북도,구미시
453,경북구미시임수황상점,경북구미시인동북길25,경상북도,구미시
454,경북구미시형곡점,경북구미시형곡로90,경상북도,구미시
455,경북김천시김천1점,경북김천시김천로24-1,경상북도,김천시
456,경북김천시덕곡율곡점,경북김천시영남대로2040-6,경상북도,김천시
457,경북김천시신음삼락점,경북김천시시청로40,경상북도,김천시
458,경북김천시아포점,경북김천시아포읍한지2길64-4,경상북도,김천시
459,경북문경시문경점,경북문경시점촌로8,경상북도,문경시
460,경북봉화군봉화점,경북봉화군봉화읍내성로1길41-1,경상북도,봉화군
461,경북상주시상주2호점,경북상주시동수4길33제상가동101호,경상북도,상주시
462,경북상주시함창점,경북상주시함창읍함창시장2길2,경상북도,상주시
463,경북안동시안동점,경북안동시서동문로86,경상북도,안동시
464,경북안동시옥동송현점,경북안동시광명로126,경상북도,안동시
465,경북안동시용상점,경북안동시경동로889,경상북도,안동시
466,경북영덕군영덕점,경북영덕군영덕읍군청길133,경상북도,영덕군
467,경북영덕군영해점,경북영덕군영해면예주시장길16-1,경상북도,영덕군
468,경북영주시영주2점,경북영주시구성로389로얄상가111호,경상북도,영주시
469,경북영주시풍기점,경북영주시풍기읍동성로68,경상북도,영주시
470,경북영주시휴천점,경북영주시대학로36,경상북도,영주시
471,경북영천시야사점,경북영천시망정로60,경상북도,영천시
472,경북예천군예천점,경북예천군예천읍중앙로24-1,경상북도,예천군
473,경북울진군백암점,경북울진군온정면소태로9-29,경상북도,울진군
474,경북울진군북면점,경북울진군북면울진북로2120,경상북도,울진군
475,경북울진군울진점,경북울진군울진읍울진중앙로56,경상북도,울진군
476,경북울진군죽변점,경북울진군죽변면죽변북로60,경상북도,울진군
477,경북울진군후포점,경북울진군후포면삼율6길16-14,경상북도,울진군
478,경북의성군의성점,경상북도의성군의성읍동서1길72,경상북도,의성군
479,경북청도군청도점,경북청도군청도읍청화로150-1,경상북도,청도군
480,경북칠곡군오태북삼점,경북칠곡군북삼읍금오대로10길19,경상북도,칠곡군
481,경북칠곡군왜관점,경북칠곡군왜관읍중앙로3길2-1,경상북도,칠곡군
482,경북칠곡군중리점,경북칠곡군석적읍북중리11길14,경상북도,칠곡군
483,경북포항시남부점,경북포항시남구상도로56,경상북도,포항시
484,경북포항시달전점,경북포항시북구흥해읍도음로877번길9,경상북도,포항시
485,경북포항시대이점,경북포항시남구대이로112-3,경상북도,포항시
486,경북포항시두호점,경북포항시북구삼호로245번길10,경상북도,포항시
487,경북포항시송도점,경북포항시남구송림로8,경상북도,포항시
488,경북포항시양덕점,경북포항시북구양덕로23,경상북도,포항시
489,경북포항시연일점,경북포항시남구연일읍철강로41번길52-6,경상북도,포항시
490,경북포항시오천점,경북포항시남구오천읍남원로53,경상북도,포항시
491,경북포항시용흥점,경북포항시북구새마을로92,경상북도,포항시
492,경북포항시우현점,경북포항시북구선착로3-1,경상북도,포항시
493,경북포항시장성점,경북포항시북구법원로8번길16,경상북도,포항시
494,경북포항시죽도점,경북포항시북구중흥로255번길13,경상북도,포항시
495,경북포항시청하점,경북포항시북구청하면청하로217번길2,경상북도,포항시
496,경북포항시해도점[B],경북포항시남구해동로55-1,경상북도,남구
497,경북포항시효곡점,경북포항시남구효자동길10번길19,경상북도,포항시
498,경북포항시흥해점,경북포항시북구흥해읍흥해로26,경상북도,포항시
499,광주광산구산정점,광주광산구하남대로54번안길59,광주광역시,광산구
500,광주광산구선운점,광주광산구선운중앙로43,광주광역시,광산구
501,광주광산구송정1점,광주광산구남동길30번길48,광주광역시,광산구
502,광주광산구수완1점,광주광산구장덕로95번길45,광주광역시,광산구
503,광주광산구신가점,광주광산구신창로35번길87,광주광역시,광산구
504,광주광산구우산소촌점,광주광산구우산로96번길78,광주광역시,광산구
505,광주광산구운남점,광주광산구월곡로30-1,광주광역시,광산구
506,광주광산구첨단1호점,광주광산구산월로64,광주광역시,광산구
507,광주남구방림양림점,광주남구방림로2,광주광역시,남구
508,광주남구봉선1점,광주남구봉선1로66,광주광역시,남구
509,광주남구월산까치점,광주남구독립로87,광주광역시,남구
510,광주남구주월점,광주남구회서로15,광주광역시,남구
511,광주남구진월점,광주남구서문대로663번길16,광주광역시,남구
512,광주남구효천점,광주남구효우로230번길35,광주광역시,남구
513,광주동구산수점,광주동구필문대로179,광주광역시,동구
514,광주동구학동점,광주동구천변우로603,광주광역시,동구
515,광주북구동림점,광주북구동림용산로29,광주광역시,북구
516,광주북구두암1점,광주북구삼정로139,광주광역시,북구
517,광주북구문흥점,광주북구면앙로32번길29,광주광역시,북구
518,광주북구양산점,광주북구양산택지로79번길15,광주광역시,북구
519,광주북구오치매곡점,광주북구안산로70,광주광역시,북구
520,광주북구용봉점,광주북구설죽로202번길52,광주광역시,북구
521,광주북구일곡점,광주북구송해로34,광주광역시,북구
522,광주북구중흥점,광주북구당뫼로57,광주광역시,북구
523,광주북구첨단2지구점,광주북구임방울대로1042번길14-20,광주광역시,북구
524,광주서구금호점,광주서구금화로73번길16,광주광역시,서구
525,광주서구동천점,광주서구동천로10번길24,광주광역시,서구
526,광주서구상무점,광주서구상무평화로102,광주광역시,서구
527,광주서구쌍촌1점,광주서구상일로24번길11,광주광역시,서구
528,광주서구풍암점,광주서구풍암신암로26,광주광역시,서구
529,광주서구화정1점,광주서구염화로57번길20,광주광역시,서구
530,대구남구대명2점,대구남구성당시장길59,대구광역시,남구
531,대구남구대명남산점,대구남구명덕로28길12,대구광역시,남구
532,대구남구봉덕점,대구남구중앙대로22길221,대구광역시,남구
533,대구달서구대곡역점,대구달서구비슬로538길22,대구광역시,달서구
534,대구달서구대곡진천점[B],대구달서구한실로117,대구광역시,달서구
535,대구달서구두류광장점,대구달서구야외음악당로39안길48,대구광역시,달서구
536,대구달서구상인점,대구달서구상인로9길26,대구광역시,달서구
537,대구달서구성당점[B],대구달서구감삼남길171,대구광역시,달서구
538,대구달서구성서점,대구달서구선원로37길16,대구광역시,달서구
539,대구달서구송현점,대구달서구월배로74길39,대구광역시,달서구
540,대구달서구신당점,대구달서구신당로24,대구광역시,달서구
541,대구달서구신월배점,대구달서구조암남로27길30,대구광역시,달서구
542,대구달서구용산1점,대구달서구와룡로53길78,대구광역시,달서구
543,대구달서구이월드점,대구달서구두류공원로200,대구광역시,달서구
544,대구달서구장기점,대구달서구구마로12길14,대구광역시,달서구
545,대구달성군구지점,대구달성군구지면창리중앙길97,대구광역시,달성군
546,대구달성군논공점,대구달성군논공읍논공중앙로118,대구광역시,달성군
547,대구달성군다사점,대구달성군다사읍대실역북로55,대구광역시,달성군
548,대구달성군서재점,대구달성군다사읍서재로99-1,대구광역시,달성군
549,대구달성군옥포점,대구달성군옥포면돌미로2길1,대구광역시,달성군
550,대구달성군현풍점,대구달성군현풍면테크노중앙대로325-49,대구광역시,달성군
551,대구달성군화원점,대구달성군화원읍화암로65,대구광역시,달성군
552,대구동구동호점,대구동구동호로40,대구광역시,동구
553,대구동구방촌점,대구동구동촌로58길21,대구광역시,동구
554,대구동구불로봉무점,대구동구팔공로51길23,대구광역시,동구
555,대구동구신암동점,대구광역시동구신암로132,대구광역시,동구
556,대구동구신천동점,대구동구국채보상로861,대구광역시,동구
557,대구동구율하점,대구동구율하동로8길25,대구광역시,동구
558,대구동구효목점,대구동구효목로103,대구광역시,동구
559,대구북구고성동점,대구북구옥산로9,대구광역시,북구
560,대구북구관음읍내동점,대구북구칠곡중앙대로95길11,대구광역시,북구
561,대구북구동서변점,대구북구서변로26,대구광역시,북구
562,대구북구만평점,대구서구서대구로62길51,대구광역시,서구
563,대구북구복현검단점,대구북구경진로1길31,대구광역시,북구
564,대구북구사수금호점,대구북구한강로17,대구광역시,북구
565,대구북구칠곡1점,대구북구대천로17길14,대구광역시,북구
566,대구북구칠성점,대구북구칠성로88,대구광역시,북구
567,대구북구태전점[B],대구북구구암로16길7,대구광역시,북구
568,대구서구내당대신동점,대구서구달서로12길28,대구광역시,서구
569,대구서구평리점,대구서구국채보상로192,대구광역시,서구
570,대구수성구범물점,대구수성구지범로290,대구광역시,수성구
571,대구수성구범어점,대구수성구범어로20길13,대구광역시,수성구
572,대구수성구상동점,대구수성구수성로15길34,대구광역시,수성구
573,대구수성구수성점[B],대구수성구신천동로98길24,대구광역시,수성구
574,대구수성구시지1점,대구수성구달구벌대로627길22-25,대구광역시,수성구
575,대구수성구시지사월점,대구수성구달구벌대로669길20,대구광역시,수성구
576,대구수성구지산점,대구수성구용학로35길35,대구광역시,수성구
577,대구수성구황금점,대구수성구청수로36길32,대구광역시,수성구
578,대구중구동성로점,대구중구공평로97-1,대구광역시,중구
579,대전대덕구법동점,대전광역시대덕구계족로608번길16,대전광역시,대덕구
580,대전대덕구송촌점[B],대전대덕구송촌북로4번길41,대전광역시,대덕구
581,대전대덕구신탄진점,대전대덕구신탄진동로1,대전광역시,대덕구
582,대전동구가양비래점,대전동구우암로331,대전광역시,동구
583,대전동구가오점,대전광역시동구은어송로116,대전광역시,동구
584,대전동구용운판암점,대전동구동부로73번길135,대전광역시,동구
585,대전동구우송대점,대전광역시동구동대전로213,대전광역시,동구
586,대전동구한남대막시무스점,대전광역시동구옛신탄진로93번길27,대전광역시,동구
587,대전서구가장내동점,대전광역시서구도산로253번길33,대전광역시,서구
588,대전서구갈마점,대전광역시서구계룡로500번길86,대전광역시,서구
589,대전서구도마점,대전광역시서구사마1길28,대전광역시,서구
590,대전서구도안신도시점,대전광역시서구도안북로118번길81,대전광역시,서구
591,대전서구둔산점,대전서구둔산남로165번길16,대전광역시,서구
592,대전서구만년점,대전광역시서구만년남로11번길42,대전광역시,서구
593,대전서구월평점,대전광역시서구월평중로24번길30,대전광역시,서구
594,대전서구탄방점,대전광역시서구문정로2번길51,대전광역시,서구
595,대전서구행복점,대전서구정림서로162-18,대전광역시,서구
596,대전유성구궁동어은점[B],대전유성구농대로8,대전광역시,유성구
597,대전유성구노은점,대전광역시유성구반석로12번길25,대전광역시,유성구
598,대전유성구봉명구암점,대전광역시유성구대학로34,대전광역시,유성구
599,대전유성구송강봉산점,대전광역시유성구봉산로32,대전광역시,유성구
600,대전유성구신성자운점,대전광역시유성구가정로43,대전광역시,유성구
601,대전유성구원내점,대전광역시유성구진잠로78번길56,대전광역시,유성구
602,대전유성구전민점,대전유성구전민로6번길27,대전광역시,유성구
603,대전유성구테크노점,대전유성구관들5길47,대전광역시,유성구
604,대전유성구학하덕명점,대전유성구학하남로3,대전광역시,유성구
605,대전중구문화점,대전중구보문산로171번길39,대전광역시,중구
606,대전중구부사점,대전광역시중구보문로92,대전광역시,중구
607,대전중구중촌목동점,대전광역시중구목동로8번길77,대전광역시,중구
608,대전중구태평점,대전중구태평로118-1,대전광역시,중구
609,부산강서구강서구청점,부산강서구대저로274번길35,부산광역시,강서구
610,부산강서구명지국제신도시점,부산강서구명지국제8로234정우빌딩2차115,부산광역시,강서구
611,부산강서구명지오션시티점,부산강서구명지오션시티9로58,부산광역시,강서구
612,부산금정구구서1점,부산금정구구서2동203-32,부산광역시,금정구
613,부산금정구남산점,부산금정구남산동188-6,부산광역시,금정구
614,부산금정구부곡1점,부산금정구부곡동19-9,부산광역시,금정구
615,부산금정구부곡행복점,부산금정구부곡로64,부산광역시,금정구
616,부산금정구부산대점,부산금정구장전동221-24,부산광역시,금정구
617,부산금정구서동점,부산금정구서동542-35,부산광역시,금정구
618,부산기장군기장점,부산기장군기장읍대라리413-4,부산광역시,기장군
619,부산기장군정관점,부산기장군정관면구연로42,부산광역시,기장군
620,부산남구감만점,부산남구석포로51,부산광역시,남구
621,부산남구대연못골점,부산남구진남로36번길58,부산광역시,남구
622,부산남구대연점,부산남구유엔로183번길35,부산광역시,남구
623,부산남구문현점,부산남구문현3동202-55번지,부산광역시,남구
624,부산남구용호점,부산남구용호동181-1현대비치상가1동103호,부산광역시,남구
625,부산남구용호행복점,부산남구동명로158번길104,부산광역시,남구
626,부산동구범일점,부산동구자성로116번길2,부산광역시,동구
627,부산동구초량점,부산광역시동구초량상로65,부산광역시,동구
628,부산동래구명장점,부산동래구명안로86번길30,부산광역시,동래구
629,부산동래구사직1점,부산동래구사직동45-33번지,부산광역시,동래구
630,부산동래구수민점,부산동래구명륜로75번길31,부산광역시,동래구
631,부산동래구안락1점,부산동래구연안로51번길81-3,부산광역시,동래구
632,부산동래구온천3동점,부산동래구충렬대로126번길19,부산광역시,동래구
633,부산동래구온천점,부산동래구차밭골로27,부산광역시,동래구
634,부산부산진구가야개금1점,부산부산진구냉정로262-1,부산광역시,부산진구
635,부산부산진구가야당감점,부산부산진구가야대로633,부산광역시,부산진구
636,부산부산진구당감부암1점,부산부산진구당감4동702-1,부산광역시,부산진구
637,부산부산진구범천점,부산부산진구신암로66판매시설동106호,부산광역시,부산진구
638,부산부산진구신개금점,부산부산진구개금3동380-1,부산광역시,부산진구
639,부산부산진구양정점,부산부산진구범전동63-6,부산광역시,부산진구
640,부산부산진구전포점,부산부산진구동성로35,부산광역시,부산진구
641,부산부산진구초읍연지점,부산부산진구초읍동207-18,부산광역시,부산진구
642,부산북구구포1점,부산북구시랑로32,부산광역시,북구
643,부산북구금곡점,부산북구금곡동67-12,부산광역시,북구
644,부산북구덕천점,부산북구덕천2길45,부산광역시,북구
645,부산북구만덕점,부산북구덕천로280,부산광역시,북구
646,부산북구화명2점,부산북구화명동2316-9번지102호,부산광역시,북구
647,부산사상구괘법점,부산사상구괘법동519-1강변동원아파트상가107동102호,부산광역시,사상구
648,부산사상구모덕점,부산광역시사상구사상로342번길12,부산광역시,사상구
649,부산사상구모라1점,부산사상구백양대로960-1,부산광역시,사상구
650,부산사상구신주례점,부산광역시사상구양지로42,부산광역시,사상구
651,부산사상구주례점,부산사상구주례로25,부산광역시,사상구
652,부산사상구학장엄궁점,부산사상구학장동574-57번지삼성2차아파트상가206호,부산광역시,사상구
653,부산사하구괴정1점,부산사하구괴정로235-1,부산광역시,사하구
654,부산사하구괴정행복점,부산사하구사리로4,부산광역시,사하구
655,부산사하구구평감천점,부산사하구구평동105-1,부산광역시,사하구
656,부산사하구다대1점,부산사하구윤공단로14번길33,부산광역시,사하구
657,부산사하구다대2점,부산사하구장림동426번지극동정립아파트상가301호,부산광역시,사하구
658,부산사하구당리점,부산사하구승학로40,부산광역시,사하구
659,부산사하구신평점,부산사하구다대로142번길16,부산광역시,사하구
660,부산사하구하단점[B],부산사하구하단동492-2대우프라자상가B105,부산광역시,사하구
661,부산서구대신점,부산서구망양로28,부산광역시,서구
662,부산서구부민충무점,부산서구토성동5가42-3,부산광역시,서구
663,부산수영구광안1점,부산수영구광안동165-6,부산광역시,수영구
664,부산수영구남천점,부산수영구남천동77-25,부산광역시,수영구
665,부산수영구망미점,부산수영구연수로302번길4,부산광역시,수영구
666,부산연제구거제점,부산연제구월드컵대로187번길23,부산광역시,연제구
667,부산연제구시청점,부산연제구중앙대로1038번길64상가101호,부산광역시,연제구
668,부산연제구연산로타리점,부산연제구거제천로230번길25,부산광역시,연제구
669,부산연제구연산토곡점,부산연제구과정로132번길32,부산광역시,연제구
670,부산영도구남항점,부산영도구남항로24-2,부산광역시,영도구
671,부산영도구동삼점,부산영도구동삼로59번길15,부산광역시,영도구
672,부산영도구청학점,부산영도구태종로332,부산광역시,영도구
673,부산중구중부산점,부산중구대청로25번길4,부산광역시,중구
674,부산해운대구반송1점,부산해운대구반송2동216-112번지,부산광역시,해운대구
675,부산해운대구반여2점,부산해운대구선수촌로153,부산광역시,해운대구
676,부산해운대구벡스코점,부산해운대구해운대로383번길25,부산광역시,해운대구
677,부산해운대구센텀점,부산해운대구재반로29,부산광역시,해운대구
678,부산해운대구송정점,부산해운대구송정해변로8-14,부산광역시,해운대구
679,부산해운대구우1점,부산해운대구해운대해변로141,부산광역시,해운대구
680,부산해운대구재송반여점,부산해운대구재송2로28번길6,부산광역시,해운대구
681,부산해운대구해운대신도시1호점,부산해운대구해운대로774번길30,부산광역시,해운대구
682,부산해운대구해운대중동점,부산해운대구좌동순환로468번가길20,부산광역시,해운대구
683,부산해운대구해운대행복점,부산해운대구좌동순환로99번길22,부산광역시,해운대구
684,서울강남구개포1점,서울특별시강남구개포로25길12,서울특별시,강남구
685,서울강남구논현1점,서울강남구강남대로126길38,서울특별시,강남구
686,서울강남구대치점,서울강남구삼성로417,서울특별시,강남구
687,서울강남구도곡점,서울강남구도곡로28길8,서울특별시,강남구
688,서울강남구세곡자곡점,서울강남구자곡로202,서울특별시,강남구
689,서울강남구수서점,서울강남구광평로51길22,서울특별시,강남구
690,서울강남구신사점,서울강남구논현로159길25,서울특별시,강남구
691,서울강남구역삼1점,서울강남구논현로67길48,서울특별시,강남구
692,서울강남구역삼충현점,서울강남구봉은사로26길28,서울특별시,강남구
693,서울강남구일원점,서울특별시강남구일원로5길54,서울특별시,강남구
694,서울강남구청담점,서울강남구삼성로145길14,서울특별시,강남구
695,서울강동구강일점,서울특별시강동구아리수로94길19,서울특별시,강동구
696,서울강동구길동1점,서울특별시강동구진황도로47길15,서울특별시,강동구
697,서울강동구길동2점,서울특별시강동구천호대로199길15,서울특별시,강동구
698,서울강동구둔촌점,서울특별시강동구천호대로182길41,서울특별시,강동구
699,서울강동구명일점[B],서울강동구동남로67길22,서울특별시,강동구
700,서울강동구성내1점,서울특별시강동구천호옛14길34,서울특별시,강동구
701,서울강동구암사2점,서울특별시강동구고덕로28길10-5,서울특별시,강동구
702,서울강동구천호1점,서울특별시강동구구천면로284,서울특별시,강동구
703,서울강동구천호2동점,서울특별시강동구올림픽로78길15-4,서울특별시,강동구
704,서울강북구미아점,서울특별시강북구도봉로34길39,서울특별시,강북구
705,서울강북구번동점,서울특별시강북구오현로31길129,서울특별시,강북구
706,서울강북구삼각산점,서울특별시강북구삼양로19길74,서울특별시,강북구
707,서울강북구수유2점,서울강북구삼각산로99,서울특별시,강북구
708,서울강북구수유점,서울특별시강북구삼양로68길12,서울특별시,강북구
709,서울강서구가양1점[B],서울강서구양천로443-32,서울특별시,강서구
710,서울강서구까치산점,서울강서구강서로12길40,서울특별시,강서구
711,서울강서구등촌2동점,서울강서구등촌로51가길47,서울특별시,강서구
712,서울강서구등촌3동점,서울강서구공항대로41길65,서울특별시,강서구
713,서울강서구방화1점,서울강서구양천로24가길3,서울특별시,강서구
714,서울강서구방화2점,서울강서구금낭화로26,서울특별시,강서구
715,서울강서구수명산파크점,서울특별시강서구강서로47길108,서울특별시,강서구
716,서울강서구염창점,서울강서구양천로637,서울특별시,강서구
717,서울강서구화곡1동점,서울강서구가로공원로76길95,서울특별시,강서구
718,서울강서구화곡남부시장점,서울강서구곰달래로53길50,서울특별시,강서구
719,서울강서구화곡본동점,서울강서구초록마을로2길54,서울특별시,강서구
720,서울관악구관악구청점,서울특별시관악구쑥고개로93,서울특별시,관악구
721,서울관악구난곡점,서울관악구미성3길8,서울특별시,관악구
722,서울관악구봉천점,서울관악구은천로9길14,서울특별시,관악구
723,서울관악구봉천중앙점,서울특별시관악구남부순환로231길16,서울특별시,관악구
724,서울관악구봉천현대점[B],서울관악구봉천로441,서울특별시,관악구
725,서울관악구신림2점,서울특별시관악구신림로158,서울특별시,관악구
726,서울관악구신림남부점,서울관악구남부순환로143길16,서울특별시,관악구
727,서울관악구신림점,서울특별시관악구문성로215,서울특별시,관악구
728,서울관악구인헌점,서울특별시관악구인헌길58,서울특별시,관악구
729,서울광진구구의3점,서울특별시광진구구의로4길44,서울특별시,광진구
730,서울광진구군자송정점,서울특별시광진구동일로52길15,서울특별시,광진구
731,서울광진구어린이대공원점,서울특별시광진구광나루로521,서울특별시,광진구
732,서울광진구자양2점,서울특별시광진구뚝섬로52가길6,서울특별시,광진구
733,서울광진구자양점,서울특별시광진구능동로10길109,서울특별시,광진구
734,서울광진구중곡1점,서울광진구면목로148,서울특별시,광진구
735,서울광진구중곡2점,서울특별시광진구동일로64길14,서울특별시,광진구
736,서울광진구화양점,서울특별시광진구아차산로21길43,서울특별시,광진구
737,서울구로구개봉점[B],서울구로구개봉로11길34,서울특별시,구로구
738,서울구로구고척1점,서울구로구경서로45,서울특별시,구로구
739,서울구로구고척스카이돔점,서울구로구경인로430B-5,서울특별시,구로구
740,서울구로구구로1점,서울구로구구로동로35길40,서울특별시,구로구
741,서울구로구구로시장점,서울구로구구로동로28길93,서울특별시,구로구
742,서울구로구구로테크노마트점,서울구로구새말로102,서울특별시,구로구
743,서울구로구근린공원점,서울구로구고척로27길115,서울특별시,구로구
744,서울구로구남구로점,서울구로구도림로12길24,서울특별시,구로구
745,서울구로구신도림점,서울구로구신도림로11길43,서울특별시,구로구
746,서울구로구오류1점,서울특별시구로구부일로953,서울특별시,구로구
747,서울금천구가산독산1동점,서울특별시금천구가산로3길55,서울특별시,금천구
748,서울금천구금천점,서울금천구은행나무로22,서울특별시,금천구
749,서울금천구독산점,서울금천구남부순환로126길69,서울특별시,금천구
750,서울금천구시흥2점,서울특별시금천구금하로756,서울특별시,금천구
751,서울노원구공릉점,서울특별시노원구공릉로42길21,서울특별시,노원구
752,서울노원구상계1점,서울특별시노원구동일로237다길7,서울특별시,노원구
753,서울노원구상계2점,서울특별시노원구상계로9가길17,서울특별시,노원구
754,서울노원구상계마들점,서울특별시노원구한글비석로54길116,서울특별시,노원구
755,서울노원구상계중앙점,서울노원구덕릉로459-37상계주공1단지가상,서울특별시,노원구
756,서울노원구중계2동점,서울노원구동일로207길18,서울특별시,노원구
757,서울노원구중계4동점,서울노원구덕릉로89길9,서울특별시,노원구
758,서울노원구하계1점,서울특별시노원구공릉로59가길28,서울특별시,노원구
759,서울도봉구도봉1점,서울특별시도봉구마들로724,서울특별시,도봉구
760,서울도봉구도봉산역점,서울도봉구도봉산3길37,서울특별시,도봉구
761,서울도봉구방학1점,서울특별시도봉구도당로27길20,서울특별시,도봉구
762,서울도봉구방학2점,서울특별시도봉구방학로117,서울특별시,도봉구
763,서울도봉구신창점,서울특별시도봉구덕릉로60길161,서울특별시,도봉구
764,서울도봉구쌍문점,서울도봉구노해로38길7,서울특별시,도봉구
765,서울도봉구창동점,서울도봉구덕릉로59마길40,서울특별시,도봉구
766,서울동대문구신이문점,서울특별시동대문구한천로421-1,서울특별시,동대문구
767,서울동대문구용두1호점,서울특별시동대문구정릉천동로58,서울특별시,동대문구
768,서울동대문구장안점,서울특별시동대문구장한로14길68,서울특별시,동대문구
769,서울동대문구전농2점,서울특별시동대문구답십리로23길9,서울특별시,동대문구
770,서울동대문구전농점,서울동대문구답십리로51길35,서울특별시,동대문구
771,서울동대문구청량리점,서울특별시동대문구홍릉로50,서울특별시,동대문구
772,서울동대문구회기점,서울동대문구회기로25길17-9,서울특별시,동대문구
773,서울동대문구휘경1점,서울특별시동대문구한천로244-11,서울특별시,동대문구
774,서울동작구노량진점,서울특별시동작구만양로8길50,서울특별시,동작구
775,서울동작구대방점,서울특별시동작구등용로127,서울특별시,동작구
776,서울동작구사당이수점,서울동작구사당로27길64,서울특별시,동작구
777,서울동작구상도1점,서울특별시동작구상도로50길9,서울특별시,동작구
778,서울동작구상도2호점,서울특별시동작구성대로10길3,서울특별시,동작구
779,서울동작구신대방점,서울특별시동작구여의대방로28,서울특별시,동작구
780,서울동작구중대점,서울동작구흑석로7길6-1,서울특별시,동작구
781,서울동작구총신대점,서울특별시동작구솔밭로106,서울특별시,동작구
782,서울마포구공덕점,서울마포구만리재로86,서울특별시,마포구
783,서울마포구광흥창역점,서울특별시마포구독막로156,서울특별시,마포구
784,서울마포구마포역점,서울마포구새창로52현대아파트상가제12동,서울특별시,마포구
785,서울마포구망원점,서울특별시마포구포은로68,서울특별시,마포구
786,서울마포구상암점[B],서울특별시마포구월드컵북로47길46,서울특별시,마포구
787,서울마포구서교점,서울특별시마포구월드컵북로7길11,서울특별시,마포구
788,서울마포구성산점,서울특별시마포구월드컵북로27길19,서울특별시,마포구
789,서울마포구염리점,서울마포구마포대로11길921층,서울특별시,마포구
790,서울마포구홍대역점,서울특별시마포구동교로192,서울특별시,마포구
791,서울서대문구남가좌점,서울특별시서대문구증가로10길5,서울특별시,서대문구
792,서울서대문구북가좌2점,서울서대문구증가로211,서울특별시,서대문구
793,서울서대문구연대점,서울서대문구연세로7안길7,서울특별시,서대문구
794,서울서대문구연희점,서울특별시서대문구연희로90,서울특별시,서대문구
795,서울서대문구이대역점,서울특별시서대문구연세로2길84,서울특별시,서대문구
796,서울서대문구홍은1점,서울서대문구간호대로16,서울특별시,서대문구
797,서울서대문구홍제1점,서울특별시서대문구통일로39나길47,서울특별시,서대문구
798,서울서초구반포1점,서울특별시서초구반포대로316,서울특별시,서초구
799,서울서초구반포2점,서울서초구강남대로85길21-8,서울특별시,서초구
800,서울서초구방배1호점,서울특별시서초구방배로27길18-4,서울특별시,서초구
801,서울서초구방배본동점,서울서초구방배중앙로25길24,서울특별시,서초구
802,서울서초구서초1호점,서울서초구효령로77길18,서울특별시,서초구
803,서울서초구서초2점,서울서초구효령로46길14,서울특별시,서초구
804,서울서초구서초중앙점,서울서초구서초중앙로24길55111호,서울특별시,서초구
805,서울서초구양재점,서울특별시서초구동산로46,서울특별시,서초구
806,서울서초구우면점,서울특별시서초구형촌길15,서울특별시,서초구
807,서울서초구잠원점,서울특별시서초구나루터로68,서울특별시,서초구
808,서울성동구금호점,서울특별시성동구독서당로315-4,서울특별시,성동구
809,서울성동구성수2가점,서울성동구성덕정길27,서울특별시,성동구
810,서울성동구한양점,서울특별시성동구마조로59,서울특별시,성동구
811,서울성동구행당1점,서울특별시성동구왕십리로21길25,서울특별시,성동구
812,서울성북구길음점,서울특별시성북구삼양로12길5,서울특별시,성북구
813,서울성북구동소문점,서울특별시성북구아리랑로5길39,서울특별시,성북구
814,서울성북구보문점,서울특별시성북구보문로47,서울특별시,성북구
815,서울성북구석관점[B],서울특별시성북구한천로76길20,서울특별시,성북구
816,서울성북구성신여대점[B],서울성북구보문로26길83-191층,서울특별시,성북구
817,서울성북구월곡점,서울특별시성북구오패산로46,서울특별시,성북구
818,서울성북구장위2동점,서울특별시성북구돌곶이로27길59-3,서울특별시,성북구
819,서울성북구정릉점,서울특별시성북구보국문로90,서울특별시,성북구
820,서울성북구종암점[B],서울성북구종암로19길37,서울특별시,성북구
821,서울송파구가락2점,서울특별시송파구송이로19길5,서울특별시,송파구
822,서울송파구가락점,서울특별시송파구오금로44길20,서울특별시,송파구
823,서울송파구거여점,서울특별시송파구성내천로136,서울특별시,송파구
824,서울송파구문정장지점,서울특별시송파구새말로147,서울특별시,송파구
825,서울송파구삼전점,서울특별시송파구백제고분로27길17,서울특별시,송파구
826,서울송파구석촌점,서울특별시송파구가락로55,서울특별시,송파구
827,서울송파구송파방이2점,서울송파구가락로36길15,서울특별시,송파구
828,서울송파구오금점[B],서울특별시송파구마천로184,서울특별시,송파구
829,서울송파구위례점,서울송파구위례광장로193,서울특별시,송파구
830,서울송파구잠실1점,서울송파구올림픽로35가길11,서울특별시,송파구
831,서울송파구잠실본점,서울특별시송파구백제고분로7길24-27,서울특별시,송파구
832,서울송파구잠실새내역점,서울특별시송파구올림픽로119,서울특별시,송파구
833,서울송파구풍납점,서울송파구풍성로26길51,서울특별시,송파구
834,서울양천구목4동점,서울양천구목동중앙서로23,서울특별시,양천구
835,서울양천구신월1동점,서울양천구가로공원로148,서울특별시,양천구
836,서울양천구신월2점,서울양천구오목로77,서울특별시,양천구
837,서울양천구신월점,서울특별시양천구신월로99,서울특별시,양천구
838,서울양천구신정1동점,서울양천구은행정로16-1,서울특별시,양천구
839,서울양천구신정점,서울양천구신목로12길17,서울특별시,양천구
840,서울양천구양천구청점,서울양천구목동남로2길15,서울특별시,양천구
841,서울양천구화곡3동점,서울양천구월정로42길9,서울특별시,양천구
842,서울영등포구대림3점,서울특별시영등포구도림로53길34-1,서울특별시,영등포구
843,서울영등포구대림점[B],서울영등포구디지털로398,서울특별시,영등포구
844,서울영등포구문래점,서울특별시영등포구도림로143길32,서울특별시,영등포구
845,서울영등포구신길점,서울특별시영등포구가마산로404,서울특별시,영등포구
846,서울영등포구신풍역점,서울특별시영등포구대방천로222-1,서울특별시,영등포구
847,서울영등포구양평점,서울특별시영등포구영등포로11길16,서울특별시,영등포구
848,서울영등포구여의도2호점,서울특별시영등포구국제금융로7길32,서울특별시,영등포구
849,서울영등포구여의도점,서울특별시영등포구의사당대로108,서울특별시,영등포구
850,서울영등포구영등포점,서울특별시영등포구영신로9길3-1,서울특별시,영등포구
851,서울영등포구영등포푸르지오점,서울특별시영등포구양산로177,서울특별시,영등포구
852,서울용산구보광점,서울용산구보광로52-1,서울특별시,용산구
853,서울용산구숙대점,서울특별시용산구청파로333,서울특별시,용산구
854,서울용산구원효점,서울특별시용산구새창로14길22,서울특별시,용산구
855,서울용산구이촌점,서울특별시용산구이촌로46,서울특별시,용산구
856,서울은평구갈현1점,서울은평구연서로29길30-5,서울특별시,은평구
857,서울은평구구산점,서울은평구갈현로123,서울특별시,은평구
858,서울은평구녹번점,서울특별시은평구은평로20길8,서울특별시,은평구
859,서울은평구대조점,서울은평구통일로73길28-1,서울특별시,은평구
860,서울은평구불광점,서울특별시은평구불광로197,서울특별시,은평구
861,서울은평구신사점,서울특별시은평구증산로17길8-1,서울특별시,은평구
862,서울은평구역촌점,서울특별시은평구역말로7길3-2,서울특별시,은평구
863,서울은평구응암점,서울특별시은평구응암로286,서울특별시,은평구
864,서울종로구광화문점[B],서울종로구사직로8길20,서울특별시,종로구
865,서울종로구독립문점,서울종로구통일로262,서울특별시,종로구
866,서울종로구종로점,서울종로구수표로26길12파고다빌딩1층,서울특별시,종로구
867,서울종로구창신점[B],서울특별시종로구지봉로62,서울특별시,종로구
868,서울종로구혜화점,서울특별시종로구명륜길5,서울특별시,종로구
869,서울중구신당2점,서울중구청구로17길77,서울특별시,중구
870,서울중구을지로점,서울중구퇴계로51길19,서울특별시,중구
871,서울중구중림점,서울특별시중구중림로10,서울특별시,중구
872,서울중랑구망우점,서울특별시중랑구용마산로493,서울특별시,중랑구
873,서울중랑구면목1동점,서울중랑구사가정로49길43,서울특별시,중랑구
874,서울중랑구면목2점,서울특별시중랑구망우로30길34,서울특별시,중랑구
875,서울중랑구면목3점,서울중랑구용마산로89길16,서울특별시,중랑구
876,서울중랑구묵2동점,서울특별시중랑구동일로163길36,서울특별시,중랑구
877,서울중랑구상봉1점,서울중랑구봉화산로52길73,서울특별시,중랑구
878,서울중랑구신내1점,서울중랑구신내로135,서울특별시,중랑구
879,서울중랑구용마산역점,서울중랑구면목로21길22,서울특별시,중랑구
880,서울중랑구중화점,서울중랑구동일로123길91,서울특별시,중랑구
881,세종시아름동아름점,세종특별자치시보듬3로95,세종특별자치시,세종시
882,세종시한솔동세종첫마을점,세종특별자치시누리로59,세종특별자치시,세종시
883,울산남구달동점,울산남구신정로58번길32,울산광역시,남구
884,울산남구무거2호점,울산남구삼호로55번길6,울산광역시,남구
885,울산남구삼산점,울산남구삼산로241번길35-1,울산광역시,남구
886,울산남구신정점,울산남구월평로58,울산광역시,남구
887,울산남구야음2점,울산남구신선로71-3,울산광역시,남구
888,울산남구야음점,울산남구수암로196번길7,울산광역시,남구
889,울산남구옥동점,울산남구문수로423번길4-37,울산광역시,남구
890,울산남구울산대점,울산남구대학로43번길16,울산광역시,남구
891,울산동구남목점,울산동구미포4길38,울산광역시,중구
892,울산동구방어점,울산동구화잠2길4,울산광역시,동구
893,울산동구전하점,울산동구진성13길92,울산광역시,동구
894,울산동구화정점[B],울산동구월봉8길41,울산광역시,동구
895,울산북구강동점,울산북구산하동강동산하지구81-10BL퀸스타운101호,울산광역시,북구
896,울산북구아진점,울산북구가재길82,울산광역시,북구
897,울산북구양정점,울산북구염포로517,울산광역시,남구
898,울산북구호계점,울산북구동대8길12,울산광역시,북구
899,울산북구화봉점[B],울산북구두부곡14길15,울산광역시,북구
900,울산울주군구영점,울산울주군범서읍대리1길23-6,울산광역시,울주군
901,울산울주군남창점,울산울주군온양읍연안4길18,울산광역시,울주군
902,울산울주군언양점[B],울산울주군언양읍동부8길12,울산광역시,울주군
903,울산중구다운점,울산중구다운로75,울산광역시,중구
904,울산중구반구점,울산중구염포로78,울산광역시,중구
905,울산중구병영점,울산중구동천4길15,울산광역시,중구
906,울산중구약사점,울산중구구교10길51,울산광역시,중구
907,울산중구우정점,울산중구유곡로70,울산광역시,중구
908,울산중구우정혁신점,울산중구종가2길1-2,울산광역시,중구
909,인천강화군강화1점,인천광역시강화군강화읍강화대로362,인천광역시,강화군
910,인천계양구계산점,인천광역시계양구용마루길20,인천광역시,계양구
911,인천계양구계산중앙점[B],인천계양구계양대로194번길18,인천광역시,계양구
912,인천계양구계양점,인천계양구임학서로18,인천광역시,계양구
913,인천계양구동양점,인천계양구당미1길7,인천광역시,계양구
914,인천계양구작전점,인천광역시계양구주부토로447,인천광역시,계양구
915,인천계양구효성점[B],인천광역시계양구목화밭길26,인천광역시,계양구
916,인천남구문학관교점,인천광역시남구매소홀로576번길5-9,인천광역시,남구
917,인천남구용현점,인천남구아암대로45번길83-8,인천광역시,남구
918,인천남구제물포점,인천광역시남구수봉안길13번길2,인천광역시,남구
919,인천남구주안2점,인천남구인주대로319번길38,인천광역시,남구
920,인천남구주안역점,인천광역시남구주안로201,인천광역시,남구
921,인천남구주안점,인천광역시남구인주대로489,인천광역시,남구
922,인천남구학익점,인천광역시남구소성로175-16,인천광역시,남구
923,인천남동구간석점[B],인천광역시남동구구월로131번길52,인천광역시,남동구
924,인천남동구구월점,인천남동구용천로27,인천광역시,남동구
925,인천남동구논현점,인천광역시남동구논곡로79,인천광역시,남동구
926,인천남동구논현택지점[B],인천광역시남동구소래역서로10-28,인천광역시,남동구
927,인천남동구만수1점,인천광역시남동구하촌로48,인천광역시,남동구
928,인천남동구만수2점,인천광역시남동구백범로180번길114,인천광역시,남동구
929,인천남동구서창1점,인천광역시남동구장아산로1301층,인천광역시,남동구
930,인천동구동인천송현점,인천광역시동구화도로15,인천광역시,동구
931,인천동구송림점,인천동구동산로89,인천광역시,동구
932,인천부평구갈산점[B],인천부평구굴포로81-1,인천광역시,부평구
933,인천부평구부개점,인천광역시부평구길주남로101번길4-19,인천광역시,부평구
934,인천부평구부일점,인천광역시부평구경인로1092번길17-1,인천광역시,부평구
935,인천부평구부평남부점,인천광역시부평구남부역로3,인천광역시,부평구
936,인천부평구부평롯데점,인천부평구경원대로1367번길12,인천광역시,부평구
937,인천부평구부평중앙점,인천광역시부평구장제로84번길6,인천광역시,부평구
938,인천부평구산곡점,인천부평구화랑남로9번길20,인천광역시,부평구
939,인천부평구삼산1동점,인천부평구대보로24번길12,인천광역시,부평구
940,인천부평구십정점,인천광역시부평구열우물로62-1,인천광역시,부평구
941,인천부평구청천점,인천광역시부평구마장로364번길7-1,인천광역시,부평구
942,인천서구가좌점,인천광역시서구여우재로109,인천광역시,서구
943,인천서구검암점,인천광역시서구도요지로189번길104,인천광역시,서구
944,인천서구당하점,인천서구원당대로675,인천광역시,서구
945,인천서구마전점,인천광역시서구검단로623번길17,인천광역시,서구
946,인천서구석남점,인천서구면개포로13-1,인천광역시,서구
947,인천서구신현점[B],인천광역시서구율도로77번길12,인천광역시,서구
948,인천서구연희점,인천서구승학로199-1,인천광역시,서구
949,인천서구청라1호점,인천광역시서구청라에메랄드로127,인천광역시,서구
950,인천연수구동춘점,인천연수구먼우금로83번길49,인천광역시,연수구
951,인천연수구선학점,인천광역시연수구선학로90,인천광역시,연수구
952,인천연수구송도3동점,인천광역시연수구송도문화로28번길28,인천광역시,연수구
953,인천연수구송도신도시점,인천광역시연수구해돋이로107,인천광역시,연수구
954,인천연수구연수2동3동점,인천광역시연수구샘말로87번길1,인천광역시,연수구
955,인천연수구옥련점[B],인천연수구한나루로87주문빌딩301호,인천광역시,연수구
956,인천연수구청학점,인천광역시연수구비류대로239번길25,인천광역시,연수구
957,인천옹진군백령점,인천광역시옹진군백령면백령로272-1,인천광역시,옹진군
958,인천중구운서점,인천중구영종대로278번길50,인천광역시,중구
959,인천중구월미점,인천광역시중구월미로223,인천광역시,중구
960,인천중구하늘도시점,인천광역시중구하늘달빛로95,인천광역시,중구
961,전남고흥군고흥점,전남고흥군고흥읍봉황길10,전라남도,고흥군
962,전남고흥군녹동점,전라남도고흥군도양읍비봉로129-2,전라남도,고흥군
963,전남광양시광양점,전남광양시광양읍인서4길23,전라남도,광양시
964,전남광양시광양제철점,전남광양시백운로1638-11,전라남도,광양시
965,전남광양시광영점,전남광양시금영로181,전라남도,광양시
966,전남광양시마동점,전남광양시사동로81-1,전라남도,광양시
967,전남광양시중동점,전남광양시광장로120,전라남도,광양시
968,전남구례군구례지리산온천점,전남구례군산동면하관1길26,전라남도,구례군
969,전남나주시나주점,전남나주시나주로81,전라남도,나주시
970,전남나주시나주혁신도시점,전남나주시빛가람로789,전라남도,나주시
971,전남나주시영산포점,전남나주시남교1길6-15,전라남도,나주시
972,전남담양군담양점,전남담양군담양읍죽향대로1195,전라남도,담양군
973,전남목포시삼학점,전남목포시산정로22번길20,전라남도,목포시
974,전남목포시석현점[B],전남목포시텃골로33번길53,전라남도,목포시
975,전남목포시연산점,전남목포시연산로159번길22,전라남도,목포시
976,전남목포시용해점,전남목포시용당로331번길88,전라남도,목포시
977,전남목포시하당1점,전남목포시백년대로297번길12-2,전라남도,목포시
978,전남목포시하당2점,전남목포시삼향천로35,전라남도,목포시
979,전남무안군남악점,전남무안군삼향읍남악2로74번길42상가106호,전라남도,무안군
980,전남무안군무안점,전남무안군무안읍하마로31,전라남도,무안군
981,전남보성군벌교점,전남보성군벌교읍채동선로259-1,전라남도,보성군
982,전남보성군보성점,전남보성군보성읍중앙로46-11,전라남도,보성군
983,전남순천시금당지구점,전남순천시해룡면조례못등길118,전라남도,순천시
984,전남순천시남제점,전남순천시우석로73-1,전라남도,순천시
985,전남순천시삼산점,전남순천시중앙로292,전라남도,순천시
986,전남순천시신대점,전남순천시해룡면좌야로101,전라남도,순천시
987,전남순천시연향점,전남순천시연향번영4길30,전라남도,순천시
988,전남순천시왕지점,전남순천시연동남길35,전라남도,순천시
989,전남순천시조례점,전남순천시비봉길86,전라남도,순천시
990,전남순천시중앙점,전남순천시장명로10,전라남도,순천시
991,전남여수시국동점,전남여수시구봉산길15-2,전라남도,여수시
992,전남여수시둔덕점,전남여수시쌍봉로357,전라남도,여수시
993,전남여수시무선지구점,전남여수시무선3길6,전라남도,여수시
994,전남여수시서교점,전남여수시서교3길3-2,전라남도,여수시
995,전남여수시신기점,전남여수시새터로93,전라남도,여수시
996,전남여수시안산점,전남여수시도원로186,전라남도,여수시
997,전남여수시여서점,전남여수시대치3길13-1,전라남도,여수시
998,전남영광군영광점,전남영광군영광읍신남로213-1,전라남도,영광군
999,전남영암군삼호점,전남영암군삼호읍대불주거로1길80,전라남도,영암군
1000,전남완도군완도점,전남완도군완도읍개포로177번길11,전라남도,완도군
1001,전남장흥군장흥점,전남장흥군장흥읍북부로39,전라남도,장흥군
1002,전남진도군진도점,전남진도군진도읍남문길47,전라남도,진도군
1003,전남함평군함평점,전남함평군함평읍중앙길172-1,전라남도,함평군
1004,전남해남군우수영점,전남해남군문내면동영길22-1,전라남도,해남군
1005,전남해남군해남점,전남해남군해남읍중앙1로167-1,전라남도,해남군
1006,전남화순군화순점,전남화순군화순읍만연로37,전라남도,화순군
1007,전북고창군고창점,전북고창군고창읍성산3길3,전라북도,고창군
1008,전북군산시군산대점,전북군산시미제1길5-4,전라북도,군산시
1009,전북군산시나운1점,전북군산시신설2길6-4,전라북도,군산시
1010,전북군산시나운2점,전북군산시나운안2길11,전라북도,군산시
1011,전북군산시소룡산북점,전북군산시동아로130,전라북도,군산시
1012,전북군산시수송점,전북군산시수송7길21,전라북도,군산시
1013,전북군산시오식도점,전북군산시가도로177,전라북도,군산시
1014,전북군산시옥서점,전북군산시옥서면옥구저수지로217,전라북도,군산시
1015,전북군산시조촌점,전북군산시진포로169,전라북도,군산시
1016,전북군산시중앙점,전북군산시중앙로94,전라북도,군산시
1017,전북김제시김제점,전북김제시동서로232,전라북도,김제시
1018,전북남원시남원점,전북남원시동충동336번지1층,전라북도,남원시
1019,전북무주군무주스키점,전북무주군설천면구천동1로6,전라북도,무주군
1020,전북무주군무주점,전북무주군무주읍단천로84,전라북도,무주군
1021,전북부안읍부안점,전라북도부안군부안읍수정길5,전라북도,부안군
1022,전북완주군봉동3공단점,전북완주군봉동읍원둔산3길13,전라북도,완주군
1023,전북완주군삼례우석대점,전북완주군삼례읍동학로83,전라북도,완주군
1024,전북완주군혁신점,전북완주군이서면안전로107-3,전라북도,완주군
1025,전북익산시동산점,전북익산시서동로88,전라북도,익산시
1026,전북익산시모현점,전북익산시고현로14길8-1,전라북도,익산시
1027,전북익산시부송점,전북익산시부송로14길21,전라북도,익산시
1028,전북익산시신동남중점,전북익산시익산대로70길23,전라북도,익산시
1029,전북익산시영등점,전북익산시고봉로255,전라북도,익산시
1030,전북익산시함열점,전북익산시함열읍함열중앙로15,전라북도,익산시
1031,전북전주시덕진전북대점,전북전주시덕진구명륜5길19-6,전라북도,전주시
1032,전북전주시동산점,전북전주시덕진구쪽구름5길5,전라북도,전주시
1033,전북전주시삼천점,전북전주시완산구거마남로58,전라북도,전주시
1034,전북전주시서곡점,전북전주시완산구서곡1길5-12,전라북도,전주시
1035,전북전주시서신점,전북전주시완산구서신천변11길22,전라북도,전주시
1036,전북전주시서학중앙점[B],전북전주시완산구서학1길2,전라북도,전주시
1037,전북전주시송천점,전북전주시덕진구천마산로12,전라북도,전주시
1038,전북전주시아중점,전북전주시덕진구동가재미3길8,전라북도,전주시
1039,전북전주시전주대점,전북전주시완산구효자로92,전라북도,전주시
1040,전북전주시중화산점,전북전주시완산구메너머1길29,전라북도,전주시
1041,전북전주시진북인후점,전북전주시덕진구팔달로346,전라북도,전주시
1042,전북전주시평화1점,전북전주시완산구평화17길10,전라북도,전주시
1043,전북전주시호성점,전북전주시덕진구소리로198,전라북도,전주시
1044,전북전주시효자점,전북전주시완산구강변로120,전라북도,전주시
1045,전북정읍시수성점,전북정읍시수성1로55-14,전라북도,정읍시
1046,전북정읍시시기점,전북정읍시천변로350-1,전라북도,정읍시
1047,제주서귀포시강정해군기지점,제주서귀포시강정동2735,제주특별자치도,서귀포시
1048,제주서귀포시대정점,제주서귀포시대정읍하모항구로6번길27,제주특별자치도,서귀포시
1049,제주서귀포시서귀포1점,제주서귀포시일주동로8600,제주특별자치도,서귀포시
1050,제주서귀포시서귀포2호점,제주서귀포시장수로98,제주특별자치도,서귀포시
1051,제주서귀포시성산점,제주서귀포시성산읍고성동서로56번길18,제주특별자치도,서귀포시
1052,제주서귀포시신시가지점,제주특별자치도서귀포시신북로17,제주특별자치도,서귀포시
1053,제주서귀포시중문점,제주서귀포시천제연로191,제주특별자치도,서귀포시
1054,제주서귀포시표선점,제주서귀포시표선면표선동서로288,제주특별자치도,서귀포시
1055,제주서귀포시화순안덕점,제주서귀포시안덕면일주서로1449,제주특별자치도,서귀포시
1056,제주제주시노형점,제주제주시연화로1길24,제주특별자치도,제주시
1057,제주제주시도남점,제주제주시독짓골4길11,제주특별자치도,제주시
1058,제주제주시아라점,제주제주시중앙로578,제주특별자치도,제주시
1059,제주제주시연동점,제주제주시삼무로82,제주특별자치도,제주시
1060,제주제주시외도점,제주제주시일주서로7312,제주특별자치도,제주시
1061,제주제주시용담점,제주제주시용문로157,제주특별자치도,제주시
1062,제주제주시일도점,제주특별자치도제주시청귤로3길51,제주특별자치도,제주시
1063,제주제주시조천함덕점,제주제주시조천읍함덕20길3,제주특별자치도,제주시
1064,제주제주시한림점,제주제주시한림읍한림중앙로46,제주특별자치도,제주시
1065,제주제주시화북삼양점,제주제주시진남로6길9,제주특별자치도,제주시
1066,충남계룡시계룡점,충청남도계룡시엄사면번영로74,충청남도,계룡시
1067,충남공주시금학점,충청남도공주시우금티로547,충청남도,공주시
1068,충남공주시신관점,충남공주시번영1로97-12,충청남도,공주시
1069,충남금산군금산점[B],충청남도금산군금산읍금산로1491,충청남도,금산군
1070,충남논산시논산1점[B],충남논산시시민로258번길7,충청남도,논산시
1071,충남논산시논산항공학교,충청남도논산시노성면송당리5,충청남도,논산시
1072,충남논산시연무점,충청남도논산시연무읍연무로183,충청남도,논산시
1073,충남당진군당진점,충남당진시당진중앙2로59-12,충청남도,당진군
1074,충남당진군합덕점,충청남도당진시합덕읍중동1길40,충청남도,당진군
1075,충남당진시당진2점,충청남도당진시원당로45,충청남도,당진군
1076,충남당진시석문점,충청남도당진시석문면대호만로1748,충청남도,당진군
1077,충남당진시송악점,충청남도당진시송악읍도고머리길12,충청남도,당진군
1078,충남보령시대천점,충청남도보령시대천로74,충청남도,보령시
1079,충남보령시대천해수욕장점,충청남도보령시해수욕장10길6,충청남도,보령시
1080,충남보령시무창포해수욕장점,충남보령시웅천읍열린바다로342,충청남도,보령시
1081,충남부여군부여점,충남부여군부여읍사비로72번길18,충청남도,부여군
1082,충남서산시동문점,충남서산시안견로214-5,충청남도,서산시
1083,충남서산시성연점,충남서산시성연면성연3로35,충청남도,서산시
1084,충남서산시읍내점,충청남도서산시부춘1로24-5,충청남도,서산시
1085,충남서천군서면점,충청남도서천군서면공암남촌길169,충청남도,서천군
1086,충남서천군서천점[B],충청남도서천군서천읍서천로94,충청남도,서천군
1087,충남아산시배방점,충청남도아산시배방읍배방로173번길14-7,충청남도,아산시
1088,충남아산시신창점,충청남도아산시서부북로953,충청남도,아산시
1089,충남아산시영인점,충남아산시영인면영인로84-1,충청남도,아산시
1090,충남아산시온천점,충청남도아산시번영로147-1,충청남도,아산시
1091,충남아산시용화점,충청남도아산시시민로258번길3-5,충청남도,아산시
1092,충남아산시음봉점,충청남도아산시음봉면음봉로841,충청남도,아산시
1093,충남아산시장재점,충청남도아산시배방읍새아산로20-8,충청남도,아산시
1094,충남아산시장존점,충청남도아산시외암로1245,충청남도,아산시
1095,충남연기군조치원점,세종특별자치시조치원읍신흥샛터길41,세종특별자치시,세종시
1096,충남예산군삽교점,충청남도예산군삽교읍삽교로76,충청남도,예산군
1097,충남예산군예산점,충청남도예산군예산읍역전로113,충청남도,예산군
1098,충남천안시구성점,충청남도천안시동남구삼룡천2길9,충청남도,천안시
1099,충남천안시두정1점,충청남도천안시서북구부성1길40-6,충청남도,천안시
1100,충남천안시두정대아점,충남천안시서북구두정중11길22,충청남도,천안시
1101,충남천안시목천신계점,충청남도천안시동남구목천읍목천안터1길4,충청남도,천안시
1102,충남천안시병천북면점,충청남도천안시동남구충절로1456,충청남도,천안시
1103,충남천안시불당점,충청남도천안시서북구불당7길33,충청남도,천안시
1104,충남천안시신방1점,충청남도천안시동남구새말4길5,충청남도,천안시
1105,충남천안시신방초원점,충청남도천안시동남구수곡로22,충청남도,천안시
1106,충남천안시신방통정점,충청남도천안시동남구풍세로809,충청남도,천안시
1107,충남천안시신부점,충청남도천안시동남구천안천8길53-1,충청남도,천안시
1108,충남천안시쌍봉점,충청남도천안시서북구봉서5길17,충청남도,천안시
1109,충남천안시쌍용1점,충청남도천안시서북구쌍용9길10-1,충청남도,천안시
1110,충남천안시안서점,충청남도천안시동남구중암샛길13,충청남도,천안시
1111,충남천안시입장점,충청남도천안시서북구입장면입장로135,충청남도,천안시
1112,충남천안시직산점,충청남도천안시서북구직산읍아랫말2길9,충청남도,천안시
1113,충남태안군안면점,충남태안군안면읍장터로99-3,충청남도,태안군
1114,충남태안군태안1점,충청남도태안군태안읍군청10길12,충청남도,태안군
1115,충남홍성군내포신도시점,충청남도홍성군홍북면의향로289번길에이원프라자105호,충청남도,홍성군
1116,충남홍성군홍성점,충청남도홍성군홍성읍문화로110,충청남도,홍성군
1117,충북괴산군괴산점,충북괴산군괴산읍읍내로13길17,충청북도,괴산군
1118,충북단양군단양점,충북단양군단양읍도전4길21,충청북도,단양군
1119,충북단양군매포읍점,충북단양군매포읍단양로1922,충청북도,단양군
1120,충북보은군보은점,충북보은군보은읍삼산로33,충청북도,보은군
1121,충북영동군영동점,충북영동군영동읍학산영동로1143,충청북도,영동군
1122,충북옥천군옥천점,충청북도옥천군옥천읍성신로48,충청북도,옥천군
1123,충북음성군금왕점[B],충북음성군금왕읍무극로324번길19,충청북도,음성군
1124,충북음성군대소점,충북음성군대소면오태로137번길23,충청북도,음성군
1125,충북음성군맹동점,충북음성군맹동면덕금로409번길4,충청북도,음성군
1126,충북음성군맹동혁신도시점,충북음성군맹동면대하로273지음프라자2차107,충청북도,음성군
1127,충북음성군삼성점[B],충북음성군삼성면덕정로48,충청북도,음성군
1128,충북음성군생극점,충청북도음성군생극면음성로1639-1,충청북도,음성군
1129,충북음성군음성점,충북음성군음성읍시장로78,충청북도,음성군
1130,충북제천시강제점,충북제천시청풍호로7안길3-1,충청북도,제천시
1131,충북제천시신백점,충북제천시신백로14길12,충청북도,제천시
1132,충북제천시제천1점,충북제천시숭문로100,충청북도,제천시
1133,충북제천시청전점,충북제천시의림대로31길22,충청북도,제천시
1134,충북증평군증평점,충북증평군증평읍충청대로1758,충청북도,증평군
1135,충북진천군광혜원점[B],충북진천군광혜원면화랑1길7,충청북도,진천군
1136,충북진천군덕산점[B],충북진천군덕산면용몽2길17-5,충청북도,진천군
1137,충북진천군진천점,충북진천군진천읍중앙서로90,충청북도,진천군
1138,충북청주시가경1점,충청북도청주시흥덕구풍년로111번길22-5,충청북도,청주시
1139,충북청주시강내점,충청북도청주시흥덕구강내면월곡길16,충청북도,청주시
1140,충북청주시강서가경2점[B],충청북도청주시흥덕구서현북로58,충청북도,청주시
1141,충북청주시개신점,충청북도청주시서원구신율로61,충청북도,청주시
1142,충북청주시내수점,충청북도청주시청원구내수읍은곡묵방길52-10,충청북도,청주시
1143,충북청주시봉명점,충북청주시흥덕구백봉로172,충청북도,청주시
1144,충북청주시분평점[B],충청북도청주시서원구1순환로1109,충청북도,청주시
1145,충북청주시사직점,충청북도청주시서원구호국로16,충청북도,청주시
1146,충북청주시사천점,충청북도청주시청원구새터로187,충청북도,청주시
1147,충북청주시산남3지구성화점,충청북도청주시서원구원흥로14,충청북도,청주시
1148,충북청주시산남점,충북청주시서원구수곡로57번길17,충청북도,청주시
1149,충북청주시오송점,충청북도청주시흥덕구오송읍연제길7,충청북도,청주시
1150,충북청주시오창점,충북청주시청원구오창읍연구단지로21,충청북도,청주시
1151,충북청주시용담광장점,충청북도청주시상당구산성로112번길18,충청북도,청주시
1152,충북청주시용암2점[B],충청북도청주시상당구중고개로240번길3,충청북도,청주시
1153,충북청주시용암점,충청북도청주시상당구낙영로4번길18,충청북도,청주시
1154,충북청주시율량점,충청북도청주시청원구공항로112번길34,충청북도,청주시
1155,충북청주시청대점,충북청주시청원구상당로232번길32,충청북도,청주시
1156,충북청주시하복대점,충청북도청주시흥덕구진재로27번길36-6,충청북도,청주시
1157,충북충주시건대점,충북충주시충열4길6,충청북도,충주시
1158,충북충주시대소원면점,충북충주시대소원면새터1길9,충청북도,충주시
1159,충북충주시목행동량점,충북충주시행정9길32,충청북도,충주시
1160,충북충주시수안보점,충북충주시수안보면온천중앙길32,충청북도,충주시
1161,충북충주시신니면점,충북충주시신니면덕고개로4,충청북도,충주시
1162,충북충주시충주1점,충북충주시금제6길1,충청북도,충주시
1163,충북충주시충주2점,충북충주시형설로110-1,충청북도,충주시
1164,충북충주시충주3점,충북충주시중원대로3393,충청북도,충주시
1165,충북충주시칠금점,충북충주시우륵로10,충청북도,충주시
1166,충북충주시한국교통대점,충북충주시대소원면대학로28,충청북도,충주시
